cell_id,replication_seed,n_scenarios,scenario_sha256,allocation_l1_vs_25000,cvar_relative_vs_25000,objective_relative_vs_25000,selected_reversal,numeric_pass
ANCHOR-005,2026071951,1000,8dc6d5aba33250c8cf7c1dcb1ffc40571d653cafda457e2e33638bc46bff322b,0.002526141229115958,0.22759465179821434,0.008140042064373234,False,False
ANCHOR-005,2026071951,2500,0bce153c20a6911e4ee8b79baa746c7ebccb8be0efaeb078b0974fb34a1f2287,0.021000450092577977,0.3937750332797381,0.00518855535660869,False,False
ANCHOR-005,2026071951,5000,b106e7ea7f6c467f80b8e008bb7e42d7ea7b385ecd704022624de9267b7c8075,0.0059070684393716655,0.11871185724820223,0.0030263819848614718,False,False
ANCHOR-005,2026071951,10000,39a1744992f9f3b0780e946c262561baee08b4d5de33cf9d43e1ba8226576f23,0.0027769561842005686,0.1270459454789323,0.00324084701166431,False,False
ANCHOR-005,2026071951,25000,bc24bdb201215bcdd4becf9e33fe474d745c92bb889966568c7aeffaf7909229,0.0,0.0,0.0,False,True
ANCHOR-005,2026071952,1000,8f0ac1130aa892b29545eecd786a024d5036ae1989c623366f0efeedd724f6d0,0.04817646170266468,0.9675300946139056,0.022524201522707423,False,False
ANCHOR-005,2026071952,2500,0174c484b8dfa80efdbb395fdb40c9d54c35ca2bc0610635cb988e2b72b103ff,0.0004311383401266744,0.24281455766741927,0.004285878017384787,False,False
ANCHOR-005,2026071952,5000,f22aed35dfe0c8d9b6e05d7ce77752d9b6dd3b9051357b67e4182a6c6e0658c6,0.02704776680991819,0.37230820508025325,7.519013655190396e-05,False,False
ANCHOR-005,2026071952,10000,3ed32c8d12df7865cf36a7442b31a414584d3cb089cd0fd0228308775bba0477,0.009609888394674387,0.20054683901471748,0.0005708297498986647,False,False
ANCHOR-005,2026071952,25000,2aedeb5ab123611ed117b93da6d195f149a28302a1fb7d99154cbd0f41270222,0.0,0.0,0.0,False,True
ANCHOR-005,2026071953,1000,3d12e8fd24d86bde52bd0f3ad5664b963d9027cd0a1180937b6b11051317fce8,0.004915749272193792,0.2890637883787168,0.005989117288769156,False,False
ANCHOR-005,2026071953,2500,8171085bec748b6e933f2774360dfb9658878a0d0225a6e9d7988aa6f20bb8f3,0.001008747298100826,0.10799577870650537,0.005886510135738533,False,False
ANCHOR-005,2026071953,5000,730a84773dd5edf2b34b84de64fa6554b42c1effd6d73367a6aafdbdace91d3c,0.007534176916765861,0.09383024228486138,0.0036834885898141398,False,False
ANCHOR-005,2026071953,10000,fdbd3c96357c4c92648bc08e74835697d3191a552e7ed4121f7c6ad2548ebdbb,0.014009445335768367,0.06389242524993327,0.0003042646158783535,False,False
ANCHOR-005,2026071953,25000,ca50e3e257b91b706bade8745316fb33e341dc841ebd313df8da855e72157817,0.0,0.0,0.0,False,True
ANCHOR-005,2026071954,1000,9220bfb27305ed9c438e453aaf63c0b9a71945feccd2e2c52e8bd13d4d695fd5,0.004534158548073097,0.1595380664962922,0.0018513579605296138,False,False
ANCHOR-005,2026071954,2500,93574cccb75dc5b97d85fe4c300802c3c1bcb553bf3c45c48bfd4fe8d85d31e5,0.004642725619197152,0.016205112156534827,0.0009610679211107394,False,True
ANCHOR-005,2026071954,5000,7bc8fb2dbdd84d8410f5120c53caf85b43deb4824cb9c676b6f4b54054bd1c90,0.006095523401850322,0.04016473757127118,0.0029734923582777316,False,False
ANCHOR-005,2026071954,10000,8ebf2fe360f658a555ce01e9d1f225ee53c68422fc5eb52c76ac7ec7f3235d8a,0.001119563999085027,0.14900700488805507,0.003037220757463974,False,False
ANCHOR-005,2026071954,25000,719c550293e23e2aec9cb9905ed802c68260f761b9a377285e177612647d8b2e,0.0,0.0,0.0,False,True
ANCHOR-005,2026071955,1000,a73ca8f2db423fc2d2f12e49037247f292f84391b9ad6c64a299a0531c69c30a,0.020778894699413936,0.2583020159692884,0.009721058695458386,False,False
ANCHOR-005,2026071955,2500,2fdef1f939966c45e92181e3ee1e674047f1f7714a41e1ac4b47a7df45fdd5a9,0.001123893157757655,0.07592633382733613,0.00360836012038077,False,False
ANCHOR-005,2026071955,5000,fb50b619001e64754cee6c60912b967f225fa7ec1942325e34e56a9568e585fe,0.0033661125957383797,0.15447806912986328,0.0012625702636687313,False,False
ANCHOR-005,2026071955,10000,7a232a8571a0bc0dbec584a7cc23772763375b457c64f145bc495f0182f0bfc7,0.0010756751816446697,0.13559366086105618,0.002328435751787817,False,False
ANCHOR-005,2026071955,25000,d71dc5d2a81d4c6ac7cb329e48f56573086f875ba5fd234da5efd49ea6ed03a5,0.0,0.0,0.0,False,True
ANCHOR-005,2026071956,1000,3b5ae6dfd3caa0595813fbceda205df94c0618f9e8dcab15e1258f85fd849b33,0.010185177166926851,0.0051325150515721995,0.002250831592527852,False,False
ANCHOR-005,2026071956,2500,f7af5077c9a98a14c75207a7ec79992596fe7bf4b9b4ab832fd5009ab45b34fa,0.01675091622081032,0.32453161729086516,0.0006749024133204674,False,False
ANCHOR-005,2026071956,5000,56dc105db8dfe9ae934d959ff50063ee6b936e0bebbf8f7500a3997d670a3cea,0.012501609169192074,0.012204772503242992,0.003958489852544385,False,False
ANCHOR-005,2026071956,10000,2f727d2bb0cec55504379a94e1c299231538f0f6b23a1ac08e5f4474a393ef0d,0.0006455800707345083,0.08951868547424802,0.004249506744033743,False,False
ANCHOR-005,2026071956,25000,b2ee7a499ace240f550e468c2411518022212429c4e06362a2e2d56b1a4b9fb7,0.0,0.0,0.0,False,True
ANCHOR-005,2026071957,1000,568a1648abda2e7d63b2bfd517e97438da88a4e03a08aa4295501346d6136ac7,0.020159882569718707,0.8177636232209967,0.0006601466298893525,False,False
ANCHOR-005,2026071957,2500,625049d02c77ef6b570f5c6d18da8348a2b36abfb5e4a92517ae6e0cc512f0e4,0.0031653802636984196,0.29940904003392677,0.007795319774004522,False,False
ANCHOR-005,2026071957,5000,ab2b2ac5307ef741421fe01ddaba45845e39247956ec0cf5951b8556195b7666,0.014419513548987573,0.23882383011118655,0.0011985054561546974,False,False
ANCHOR-005,2026071957,10000,c9364b4bd016ec796d1c475bd9e178cb324e541d8744dcf5c437fcae59ce19c4,0.004945180117629927,0.08397271690153106,0.002577717479705932,False,False
ANCHOR-005,2026071957,25000,f443d527cd68f6e6d793edde302c9012a1ff6796e561cd0d3eadc4b09d76da45,0.0,0.0,0.0,False,True
ANCHOR-005,2026071958,1000,953abf70e5bdc771f7eacda55eca48cf9ed567c16c152f9354c1a3b3ec684342,0.023576948110392765,0.341171548660879,0.007865960670341862,False,False
ANCHOR-005,2026071958,2500,512ccf5c847061d2fe75c219ff964e29137579c71d1425465ff89561a286effd,0.013470420426393431,0.14877735430661235,0.0017589876727170958,False,False
ANCHOR-005,2026071958,5000,621554b569e558386d5f9d48173b8d96134ed1f2eafe7f0e23a306870fe435b8,0.0008319642335904154,0.07188481863881732,0.0014102559220276032,False,False
ANCHOR-005,2026071958,10000,94d129e7cea2f120f938ebd1fdb393f1a873e9ff62c2483c153265864272d626,0.00318494270117467,0.0305560864075613,0.004611948247109245,False,False
ANCHOR-005,2026071958,25000,327fb6f5632ff17b71931eddf21ca8a6f09520fe460cb7ee055d0f62045cc240,0.0,0.0,0.0,False,True
ANCHOR-005,2026071959,1000,de3b0e00716b7f46c9ef6be9cb71baf7983c8c09ba6715cac931a385e002e98d,0.018130023128247547,0.05201642416846618,0.00205897908679267,False,False
ANCHOR-005,2026071959,2500,2af45df117069dbec676b73ca751183571e0e2d120efe2fd213645618a9eea3e,0.008327480670091009,0.016706995971261268,0.009546966067419654,False,True
ANCHOR-005,2026071959,5000,33b21ff5018e1772a7e3bc7fc0d378551ef649e57d4aad3f574ca386255895a9,0.004586028756430549,0.1588698364477027,0.00470143367169822,False,False
ANCHOR-005,2026071959,10000,d31d2838a1fb7e4502027cdb13b73539751a01b7ff21596ed911747da3fdf1c2,0.013343914290132791,0.17061151087658533,0.0022613362140081277,False,False
ANCHOR-005,2026071959,25000,8c6f9139f2ab8b6f8dac1b1bd059e5e069f3a08a164dc190a97fd107000ca7d3,0.0,0.0,0.0,False,True
ANCHOR-005,2026071960,1000,988e376cae7f466bfe5bf71af05e3206f1a86a2a94fc211dfcabe5a460fb33a7,0.032723396512505165,0.7992969900993097,0.00043732811889740474,False,False
ANCHOR-005,2026071960,2500,443d8042287c5ef6920715aad429c1094ea349e1656ed746cfae478979ebf4f5,0.005058653960321263,0.1296450709921682,0.0008273343883343441,False,False
ANCHOR-005,2026071960,5000,fd87b7cfeaac631b8eed2b40c1aa1b58ddaff632355b1bb86a2034757b252ca1,0.001324294897450895,0.015750089557642975,0.0008858700179555408,False,True
ANCHOR-005,2026071960,10000,c1fc418c57b539f246582a4086010e8a09f4ade807dab034780d0860fc28b5f1,0.0051473289820355705,0.020098874628480732,0.0026282662301044253,False,False
ANCHOR-005,2026071960,25000,8fa372b2df7a1681dc7036ae8eddc846b195fb18deb7aabb03bf6883f03b6423,0.0,0.0,0.0,False,True
