dimension,setting,alpha,family,tau,marginal,n,seed,window_start,solver,constraint_regime,solver_status,cvar_limit,pairwise_reversal_count,reversed_pairs,selected_reversal,strong_reversal,classification,top_ranked_crop,top_ranked_allocation,expected_profit,cvar_loss,active_set,kkt_primal_residual,kkt_stationarity_residual,allocation_Corn,allocation_Soybean,allocation_Winter_Wheat
baseline,baseline,0.95,student_t,0.25,student_t_df5,512,202607270034,2016,highs,full,optimal,-46.9850131494,2,Winter Wheat<Soybean;Winter Wheat<Corn,True,True,strong_reversal,Winter Wheat,0.247831338047,198.483845681,-46.9850131494,land;cvar,1.42108547152e-14,2.84217094304e-14,0.33026489325,0.421903768704,0.247831338047
alpha,0.9,0.9,student_t,0.25,student_t_df5,512,202607270034,2016,highs,full,optimal,-81.5713182717,2,Winter Wheat<Soybean;Winter Wheat<Corn,True,True,strong_reversal,Winter Wheat,0.128929530415,210.860754582,-81.5713182717,land;budget;cvar,4.26325641456e-14,1.98951966013e-13,0.307415797833,0.563654671751,0.128929530415
alpha,0.95,0.95,student_t,0.25,student_t_df5,512,202607270034,2016,highs,full,optimal,-12.2237510769,2,Winter Wheat<Soybean;Winter Wheat<Corn,True,True,strong_reversal,Winter Wheat,0.178449490247,205.082133405,-12.2237510769,land;cvar,1.11022302463e-13,5.68434188608e-14,0.290977834758,0.530572674995,0.178449490247
alpha,0.99,0.99,student_t,0.25,student_t_df5,512,202607270034,2016,highs,full,optimal,26.0012360889,1,Winter Wheat<Soybean,True,False,weak_reversal,Winter Wheat,0.263581001525,202.119522122,26.0012360889,land;cvar,2.13162820728e-14,8.52651282912e-14,0.15022270933,0.586196289145,0.263581001525
dependence_family,gaussian,0.95,gaussian,0.25,student_t_df5,512,202607270034,2016,highs,full,optimal,-41.6994170118,2,Winter Wheat<Soybean;Winter Wheat<Corn,True,True,strong_reversal,Winter Wheat,0.172654186202,201.82372425,-41.6994170118,land;budget;cvar,1.42108547152e-14,8.52651282912e-14,0.32778866355,0.499557150248,0.172654186202
dependence_family,student_t,0.95,student_t,0.25,student_t_df5,512,202607270034,2016,highs,full,optimal,-18.0586074367,2,Winter Wheat<Soybean;Winter Wheat<Corn,True,True,strong_reversal,Winter Wheat,0.229528175033,199.611055493,-18.0586074367,land;cvar,4.08562073062e-14,2.84217094304e-14,0.307944679037,0.46252714593,0.229528175033
dependence_family,clayton,0.95,clayton,0.25,student_t_df5,512,202607270034,2016,highs,full,optimal,-26.4338673052,1,Winter Wheat<Soybean,True,False,weak_reversal,Winter Wheat,0.236972483723,194.491099187,-26.4338673052,land;cvar,0,1.70530256582e-13,0.216996251279,0.546031264999,0.236972483723
dependence_parameter,0.0,0.95,student_t,0,student_t_df5,512,202607270034,2016,highs,full,optimal,-71.1773107146,2,Winter Wheat<Soybean;Winter Wheat<Corn,True,True,strong_reversal,Winter Wheat,0.190323262586,210.374333928,-71.1773107146,land;cvar,1.4921397451e-13,2.84217094304e-14,0.251654146213,0.558022591201,0.190323262586
dependence_parameter,0.15,0.95,student_t,0.15,student_t_df5,512,202607270034,2016,highs,full,optimal,-40.6093348069,2,Winter Wheat<Soybean;Winter Wheat<Corn,True,True,strong_reversal,Winter Wheat,0.202186797941,199.762171047,-40.6093348069,land;budget;cvar,1.43884903991e-13,2.84217094304e-14,0.341548953309,0.456264248749,0.202186797941
dependence_parameter,0.3,0.95,student_t,0.3,student_t_df5,512,202607270034,2016,highs,full,optimal,-46.8047914492,2,Winter Wheat<Soybean;Winter Wheat<Corn,True,True,strong_reversal,Winter Wheat,0.210852989705,202.615402332,-46.8047914492,land;cvar,2.84217094304e-14,5.68434188608e-14,0.290850561481,0.498296448814,0.210852989705
dependence_parameter,0.45,0.95,student_t,0.45,student_t_df5,512,202607270034,2016,highs,full,optimal,3.80775851999,2,Winter Wheat<Soybean;Winter Wheat<Corn,True,True,strong_reversal,Winter Wheat,0.236696444919,195.44026516,3.80775851999,land;budget;cvar,0,1.42108547152e-13,0.357628220056,0.405675335025,0.236696444919
dependence_parameter,0.6,0.95,student_t,0.6,student_t_df5,512,202607270034,2016,highs,full,optimal,-18.9830771279,1,Winter Wheat<Soybean,True,False,weak_reversal,Winter Wheat,0.293656764753,200.629719644,-18.9830771279,land;cvar,7.1054273576e-14,8.52651282912e-14,0.202733973645,0.503609261602,0.293656764753
marginal,gaussian,0.95,student_t,0.25,gaussian,512,202607270034,2016,highs,full,optimal,-58.595106392,2,Winter Wheat<Soybean;Winter Wheat<Corn,True,True,strong_reversal,Winter Wheat,0.183122487035,204.316828958,-58.595106392,land;cvar,2.13162820728e-14,8.52651282912e-14,0.324826657197,0.492050855768,0.183122487035
marginal,student_t_df5,0.95,student_t,0.25,student_t_df5,512,202607270034,2016,highs,full,optimal,-48.4248802747,2,Winter Wheat<Soybean;Winter Wheat<Corn,True,True,strong_reversal,Winter Wheat,0.207261354714,202.378894637,-48.4248802747,land;cvar,1.92734717075e-13,5.68434188608e-14,0.242400471695,0.550338173592,0.207261354714
marginal,empirical_quantile,0.95,student_t,0.25,empirical_quantile,512,202607270034,2016,highs,full,optimal,-100.127307224,2,Winter Wheat<Soybean;Winter Wheat<Corn,True,True,strong_reversal,Winter Wheat,0.21015952835,196.418583816,-100.127307224,land;budget;cvar,1.58095758707e-13,1.42108547152e-13,0.345263730775,0.444576740876,0.21015952835
scenario_count,256,0.95,student_t,0.25,student_t_df5,256,202607270034,2016,highs,full,optimal,-36.1286465932,2,Winter Wheat<Soybean;Winter Wheat<Corn,True,True,strong_reversal,Winter Wheat,0.184544758838,202.473938724,-36.1286465932,land;cvar,4.26325641456e-14,8.52651282912e-14,0.313709920125,0.501745321037,0.184544758838
scenario_count,512,0.95,student_t,0.25,student_t_df5,512,202607270034,2016,highs,full,optimal,-23.5730621913,2,Winter Wheat<Soybean;Winter Wheat<Corn,True,True,strong_reversal,Winter Wheat,0.232372746031,196.860209137,-23.5730621913,land;cvar,8.52651282912e-14,8.52651282912e-14,0.28128938889,0.48633786508,0.232372746031
scenario_count,1024,0.95,student_t,0.25,student_t_df5,1024,202607270034,2016,highs,full,optimal,-52.8305289709,2,Winter Wheat<Soybean;Winter Wheat<Corn,True,True,strong_reversal,Winter Wheat,0.149985797729,207.925012125,-52.8305289709,land;budget;cvar,2.13162820728e-14,1.98951966013e-13,0.31722665852,0.532787543751,0.149985797729
seed,202607270034,0.95,student_t,0.25,student_t_df5,512,202607270034,2016,highs,full,optimal,-46.865687105,1,Winter Wheat<Soybean,True,False,weak_reversal,Winter Wheat,0.273256790514,197.999823377,-46.865687105,land;cvar,0,1.42108547152e-13,0.160349587727,0.566393621759,0.273256790514
seed,202607270035,0.95,student_t,0.25,student_t_df5,512,202607270035,2016,highs,full,optimal,-14.2395538124,2,Winter Wheat<Soybean;Winter Wheat<Corn,True,True,strong_reversal,Winter Wheat,0.183822209489,200.448713438,-14.2395538124,land;budget;cvar,5.68434188608e-14,5.68434188608e-14,0.332992241135,0.483185549376,0.183822209489
seed,202607270036,0.95,student_t,0.25,student_t_df5,512,202607270036,2016,highs,full,optimal,-37.5164682304,2,Winter Wheat<Soybean;Winter Wheat<Corn,True,True,strong_reversal,Winter Wheat,0.196660570352,202.05484647,-37.5164682304,land;budget;cvar,5.68434188608e-14,8.52651282912e-14,0.338974088154,0.464365341494,0.196660570352
solver,highs,0.95,student_t,0.25,student_t_df5,512,202607270034,2016,highs,full,optimal,-27.5114723785,2,Winter Wheat<Soybean;Winter Wheat<Corn,True,True,strong_reversal,Winter Wheat,0.160011650761,206.815866046,-27.5114723785,land;budget;cvar,0,5.68434188608e-14,0.321898058531,0.518090290709,0.160011650761
solver,highs-ds,0.95,student_t,0.25,student_t_df5,512,202607270034,2016,highs-ds,full,optimal,-37.5164682304,2,Winter Wheat<Soybean;Winter Wheat<Corn,True,True,strong_reversal,Winter Wheat,0.196660570352,202.05484647,-37.5164682304,land;budget;cvar,5.68434188608e-14,8.52651282912e-14,0.338974088154,0.464365341494,0.196660570352
solver,highs-ipm,0.95,student_t,0.25,student_t_df5,512,202607270034,2016,highs-ipm,full,optimal,-48.3709186984,2,Winter Wheat<Soybean;Winter Wheat<Corn,True,True,strong_reversal,Winter Wheat,0.174569227997,204.439383916,-48.3709186984,land;cvar,7.4162898045e-14,1.42108547152e-13,0.292793091955,0.532637680048,0.174569227997
sample_window,2016,0.95,student_t,0.25,student_t_df5,512,202607270034,2016,highs,full,optimal,-23.9393760422,2,Winter Wheat<Soybean;Winter Wheat<Corn,True,True,strong_reversal,Winter Wheat,0.244251712902,197.809496414,-23.9393760422,land;cvar,0,2.84217094304e-14,0.247407718072,0.508340569025,0.244251712902
sample_window,2017,0.95,student_t,0.25,student_t_df5,512,202607270034,2017,highs,full,optimal,-37.5365791768,2,Winter Wheat<Soybean;Winter Wheat<Corn,True,True,strong_reversal,Winter Wheat,0.128756963297,197.226446661,-37.5365791768,land;cvar;upper_bound,4.88498130835e-14,2.84217094304e-14,0.221243036703,0.65,0.128756963297
sample_window,2018,0.95,student_t,0.25,student_t_df5,512,202607270034,2018,highs,full,optimal,-26.6063717731,2,Winter Wheat<Soybean;Winter Wheat<Corn,True,True,strong_reversal,Winter Wheat,0.198908838426,191.182892631,-26.6063717731,land;budget;cvar,1.50990331349e-14,1.13686837722e-13,0.340021635877,0.461069525697,0.198908838426
constraint,full,0.95,student_t,0.25,student_t_df5,512,202607270034,2016,highs,full,optimal,-33.2081748806,1,Winter Wheat<Soybean,True,False,weak_reversal,Winter Wheat,0.214132228467,198.769431003,-33.2081748806,land;cvar,0,8.52651282912e-14,0.168810929552,0.617056841981,0.214132228467
constraint,no_budget,0.95,student_t,0.25,student_t_df5,512,202607270034,2016,highs,no_budget,optimal,-48.6050867785,1,Winter Wheat<Soybean,True,False,weak_reversal,Winter Wheat,0.19997857552,203.183141125,-48.6050867785,land;cvar;upper_bound,0,2.84217094304e-14,0.15002142448,0.65,0.19997857552
constraint,no_rotation,0.95,student_t,0.25,student_t_df5,512,202607270034,2016,highs,no_rotation,optimal,-33.3188428714,2,Winter Wheat<Soybean;Winter Wheat<Corn,True,True,strong_reversal,Winter Wheat,0.182824670633,203.338869395,-33.3188428714,land;budget;cvar,0,1.13686837722e-13,0.332527452452,0.484647876915,0.182824670633
constraint,no_contract,0.95,student_t,0.25,student_t_df5,512,202607270034,2016,highs,no_contract,optimal,-22.5982579542,2,Winter Wheat<Soybean;Winter Wheat<Corn,True,True,strong_reversal,Winter Wheat,0.239788697277,199.313837721,-22.5982579542,land;cvar,7.1054273576e-15,6.52256026967e-16,0.247202957492,0.513008345231,0.239788697277
constraint,no_shared_capacity,0.95,student_t,0.25,student_t_df5,512,202607270034,2016,highs,no_shared_capacity,optimal,-30.2622752292,2,Winter Wheat<Soybean;Winter Wheat<Corn,True,True,strong_reversal,Winter Wheat,0.170329300229,207.109487186,-30.2622752292,land;budget;cvar,1.13686837722e-13,5.68434188608e-14,0.326705416836,0.502965282936,0.170329300229
