state,year,crop,planted_acres_1000,yield_bushels_per_acre,source_path,source_table,source_unit_acres,source_unit_yield,national_nass_yield_bushels_per_acre,national_planted_acres_1000,harvest_price_usd_per_bushel,operating_cost_usd_per_planted_acre,total_cost_usd_per_planted_acre,cpi_u_deflator_to_2024,primary_margin_real_2024_usd_per_planted_acre,relative_yield,standardized_revenue_real_2024_usd_per_acre,standardized_operating_margin_real_2024_usd_per_acre,standardized_total_cost_margin_real_2024_usd_per_acre,observed_acreage_share,geographic_price_cost_scope,observed_allocation_interpretation,lagged_relative_yield,score_rank,acreage_rank
Alabama,2024,corn,270.0,112.0,data/raw/usda_nass/crop_production_2024_summary.txt,"Corn Area Planted for All Purposes and Harvested for Grain, Yield, and Production","1,000 acres",bushels per acre,179.3,90594.0,3.97,434.66,878.31,1.0,319.64,0.6246514221974344,444.64000000000004,9.980000000000018,-433.6699999999999,0.36486486486486486,STATE_YIELD_WITH_NATIONAL_PRICE_AND_COST,AGGREGATE_ACREAGE_NOT_MODEL_OPTIMUM,0.8027466983608412,3.0,2.0
Alabama,2024,soybeans,360.0,31.0,data/raw/usda_nass/crop_production_2024_summary.txt,"Soybeans for Beans Area Planted and Harvested, Yield, and Production - States and","1,000 acres",bushels per acre,50.7,87050.0,9.92,243.56,650.83,1.0,302.04,0.611439842209073,307.52,63.95999999999998,-343.31000000000006,0.4864864864864865,STATE_YIELD_WITH_NATIONAL_PRICE_AND_COST,AGGREGATE_ACREAGE_NOT_MODEL_OPTIMUM,0.8382076373836542,2.0,1.0
Alabama,2024,winter_wheat,110.0,71.0,data/raw/usda_nass/crop_production_2024_summary.txt,"Winter Wheat Area Planted and Harvested, Yield, and Production - States and","1,000 acres",bushels per acre,51.7,33390.0,5.54,154.12,390.97,1.0,128.42,1.3733075435203095,393.34,239.21999999999997,2.3699999999999477,0.14864864864864866,STATE_YIELD_WITH_NATIONAL_PRICE_AND_COST,AGGREGATE_ACREAGE_NOT_MODEL_OPTIMUM,1.5070641661760995,1.0,3.0
Arkansas,2024,corn,500.0,187.0,data/raw/usda_nass/crop_production_2024_summary.txt,"Corn Area Planted for All Purposes and Harvested for Grain, Yield, and Production","1,000 acres",bushels per acre,179.3,90594.0,3.97,434.66,878.31,1.0,319.64,1.0429447852760736,742.39,307.72999999999996,-135.91999999999996,0.1358695652173913,STATE_YIELD_WITH_NATIONAL_PRICE_AND_COST,AGGREGATE_ACREAGE_NOT_MODEL_OPTIMUM,1.0149210475471167,3.0,2.0
Arkansas,2024,soybeans,3050.0,55.0,data/raw/usda_nass/crop_production_2024_summary.txt,"Soybeans for Beans Area Planted and Harvested, Yield, and Production - States and","1,000 acres",bushels per acre,50.7,87050.0,9.92,243.56,650.83,1.0,302.04,1.0848126232741617,545.6,302.04,-105.23000000000002,0.8288043478260869,STATE_YIELD_WITH_NATIONAL_PRICE_AND_COST,AGGREGATE_ACREAGE_NOT_MODEL_OPTIMUM,1.0577903863317608,2.0,1.0
Arkansas,2024,winter_wheat,130.0,56.0,data/raw/usda_nass/crop_production_2024_summary.txt,"Winter Wheat Area Planted and Harvested, Yield, and Production - States and","1,000 acres",bushels per acre,51.7,33390.0,5.54,154.12,390.97,1.0,128.42,1.0831721470019342,310.24,156.12,-80.73000000000002,0.035326086956521736,STATE_YIELD_WITH_NATIONAL_PRICE_AND_COST,AGGREGATE_ACREAGE_NOT_MODEL_OPTIMUM,1.1270708939534102,1.0,3.0
Delaware,2024,corn,165.0,171.0,data/raw/usda_nass/crop_production_2024_summary.txt,"Corn Area Planted for All Purposes and Harvested for Grain, Yield, and Production","1,000 acres",bushels per acre,179.3,90594.0,3.97,434.66,878.31,1.0,319.64,0.9537088678192972,678.87,244.20999999999998,-199.43999999999994,0.4230769230769231,STATE_YIELD_WITH_NATIONAL_PRICE_AND_COST,AGGREGATE_ACREAGE_NOT_MODEL_OPTIMUM,1.0231910022892405,2.0,1.0
Delaware,2024,soybeans,155.0,45.0,data/raw/usda_nass/crop_production_2024_summary.txt,"Soybeans for Beans Area Planted and Harvested, Yield, and Production - States and","1,000 acres",bushels per acre,50.7,87050.0,9.92,243.56,650.83,1.0,302.04,0.8875739644970414,446.4,202.83999999999997,-204.43000000000006,0.3974358974358974,STATE_YIELD_WITH_NATIONAL_PRICE_AND_COST,AGGREGATE_ACREAGE_NOT_MODEL_OPTIMUM,0.8880131964809383,3.0,2.0
Delaware,2024,winter_wheat,70.0,72.0,data/raw/usda_nass/crop_production_2024_summary.txt,"Winter Wheat Area Planted and Harvested, Yield, and Production - States and","1,000 acres",bushels per acre,51.7,33390.0,5.54,154.12,390.97,1.0,128.42,1.3926499032882012,398.88,244.76,7.909999999999968,0.1794871794871795,STATE_YIELD_WITH_NATIONAL_PRICE_AND_COST,AGGREGATE_ACREAGE_NOT_MODEL_OPTIMUM,1.7176015473887813,1.0,3.0
Georgia,2024,corn,375.0,163.0,data/raw/usda_nass/crop_production_2024_summary.txt,"Corn Area Planted for All Purposes and Harvested for Grain, Yield, and Production","1,000 acres",bushels per acre,179.3,90594.0,3.97,434.66,878.31,1.0,319.64,0.9090909090909091,647.11,212.45,-231.19999999999993,0.5434782608695652,STATE_YIELD_WITH_NATIONAL_PRICE_AND_COST,AGGREGATE_ACREAGE_NOT_MODEL_OPTIMUM,0.9953073495746462,2.0,1.0
Georgia,2024,soybeans,170.0,47.0,data/raw/usda_nass/crop_production_2024_summary.txt,"Soybeans for Beans Area Planted and Harvested, Yield, and Production - States and","1,000 acres",bushels per acre,50.7,87050.0,9.92,243.56,650.83,1.0,302.04,0.9270216962524654,466.24,222.68,-184.59000000000003,0.2463768115942029,STATE_YIELD_WITH_NATIONAL_PRICE_AND_COST,AGGREGATE_ACREAGE_NOT_MODEL_OPTIMUM,0.8382076373836542,3.0,2.0
Georgia,2024,winter_wheat,145.0,59.0,data/raw/usda_nass/crop_production_2024_summary.txt,"Winter Wheat Area Planted and Harvested, Yield, and Production - States and","1,000 acres",bushels per acre,51.7,33390.0,5.54,154.12,390.97,1.0,128.42,1.1411992263056092,326.86,172.74,-64.11000000000001,0.21014492753623187,STATE_YIELD_WITH_NATIONAL_PRICE_AND_COST,AGGREGATE_ACREAGE_NOT_MODEL_OPTIMUM,1.1604995374653098,1.0,3.0
Illinois,2024,corn,10800.0,217.0,data/raw/usda_nass/crop_production_2024_summary.txt,"Corn Area Planted for All Purposes and Harvested for Grain, Yield, and Production","1,000 acres",bushels per acre,179.3,90594.0,3.97,434.66,878.31,1.0,319.64,1.2102621305075292,861.49,426.83,-16.819999999999936,0.4827894501564595,STATE_YIELD_WITH_NATIONAL_PRICE_AND_COST,AGGREGATE_ACREAGE_NOT_MODEL_OPTIMUM,1.1980066237702407,3.0,1.0
Illinois,2024,soybeans,10800.0,64.0,data/raw/usda_nass/crop_production_2024_summary.txt,"Soybeans for Beans Area Planted and Harvested, Yield, and Production - States and","1,000 acres",bushels per acre,50.7,87050.0,9.92,243.56,650.83,1.0,302.04,1.26232741617357,634.88,391.32,-15.950000000000045,0.4827894501564595,STATE_YIELD_WITH_NATIONAL_PRICE_AND_COST,AGGREGATE_ACREAGE_NOT_MODEL_OPTIMUM,1.257610289430065,2.0,1.0
Illinois,2024,winter_wheat,770.0,86.0,data/raw/usda_nass/crop_production_2024_summary.txt,"Winter Wheat Area Planted and Harvested, Yield, and Production - States and","1,000 acres",bushels per acre,51.7,33390.0,5.54,154.12,390.97,1.0,128.42,1.6634429400386845,476.44,322.32,85.46999999999997,0.03442109968708091,STATE_YIELD_WITH_NATIONAL_PRICE_AND_COST,AGGREGATE_ACREAGE_NOT_MODEL_OPTIMUM,1.7001093263812967,1.0,3.0
Indiana,2024,corn,5200.0,198.0,data/raw/usda_nass/crop_production_2024_summary.txt,"Corn Area Planted for All Purposes and Harvested for Grain, Yield, and Production","1,000 acres",bushels per acre,179.3,90594.0,3.97,434.66,878.31,1.0,319.64,1.1042944785276072,786.0600000000001,351.40000000000003,-92.24999999999989,0.45977011494252873,STATE_YIELD_WITH_NATIONAL_PRICE_AND_COST,AGGREGATE_ACREAGE_NOT_MODEL_OPTIMUM,1.1203422346344727,3.0,2.0
Indiana,2024,soybeans,5800.0,59.0,data/raw/usda_nass/crop_production_2024_summary.txt,"Soybeans for Beans Area Planted and Harvested, Yield, and Production - States and","1,000 acres",bushels per acre,50.7,87050.0,9.92,243.56,650.83,1.0,302.04,1.1637080867850098,585.28,341.71999999999997,-65.55000000000007,0.5128205128205128,STATE_YIELD_WITH_NATIONAL_PRICE_AND_COST,AGGREGATE_ACREAGE_NOT_MODEL_OPTIMUM,1.1824038951931657,2.0,1.0
Indiana,2024,winter_wheat,310.0,89.0,data/raw/usda_nass/crop_production_2024_summary.txt,"Winter Wheat Area Planted and Harvested, Yield, and Production - States and","1,000 acres",bushels per acre,51.7,33390.0,5.54,154.12,390.97,1.0,128.42,1.7214700193423598,493.06,338.94,102.08999999999997,0.027409372236958444,STATE_YIELD_WITH_NATIONAL_PRICE_AND_COST,AGGREGATE_ACREAGE_NOT_MODEL_OPTIMUM,1.7707930367504834,1.0,3.0
Kansas,2024,corn,6300.0,129.0,data/raw/usda_nass/crop_production_2024_summary.txt,"Corn Area Planted for All Purposes and Harvested for Grain, Yield, and Production","1,000 acres",bushels per acre,179.3,90594.0,3.97,434.66,878.31,1.0,319.64,0.7194645844952593,512.13,77.46999999999997,-366.17999999999995,0.34183396635919694,STATE_YIELD_WITH_NATIONAL_PRICE_AND_COST,AGGREGATE_ACREAGE_NOT_MODEL_OPTIMUM,0.667192626030207,2.0,2.0
Kansas,2024,soybeans,4530.0,35.0,data/raw/usda_nass/crop_production_2024_summary.txt,"Soybeans for Beans Area Planted and Harvested, Yield, and Production - States and","1,000 acres",bushels per acre,50.7,87050.0,9.92,243.56,650.83,1.0,302.04,0.6903353057199211,347.2,103.63999999999999,-303.63000000000005,0.24579489962018447,STATE_YIELD_WITH_NATIONAL_PRICE_AND_COST,AGGREGATE_ACREAGE_NOT_MODEL_OPTIMUM,0.5341347379829147,3.0,3.0
Kansas,2024,winter_wheat,7600.0,43.0,data/raw/usda_nass/crop_production_2024_summary.txt,"Winter Wheat Area Planted and Harvested, Yield, and Production - States and","1,000 acres",bushels per acre,51.7,33390.0,5.54,154.12,390.97,1.0,128.42,0.8317214700193423,238.22,84.1,-152.75000000000003,0.41237113402061853,STATE_YIELD_WITH_NATIONAL_PRICE_AND_COST,AGGREGATE_ACREAGE_NOT_MODEL_OPTIMUM,0.7394668236481372,1.0,1.0
Kentucky,2024,corn,1370.0,178.0,data/raw/usda_nass/crop_production_2024_summary.txt,"Corn Area Planted for All Purposes and Harvested for Grain, Yield, and Production","1,000 acres",bushels per acre,179.3,90594.0,3.97,434.66,878.31,1.0,319.64,0.9927495817066369,706.6600000000001,272.00000000000006,-171.64999999999986,0.3442211055276382,STATE_YIELD_WITH_NATIONAL_PRICE_AND_COST,AGGREGATE_ACREAGE_NOT_MODEL_OPTIMUM,0.9771817555528233,3.0,2.0
Kentucky,2024,soybeans,2050.0,48.0,data/raw/usda_nass/crop_production_2024_summary.txt,"Soybeans for Beans Area Planted and Harvested, Yield, and Production - States and","1,000 acres",bushels per acre,50.7,87050.0,9.92,243.56,650.83,1.0,302.04,0.9467455621301775,476.15999999999997,232.59999999999997,-174.67000000000007,0.5150753768844221,STATE_YIELD_WITH_NATIONAL_PRICE_AND_COST,AGGREGATE_ACREAGE_NOT_MODEL_OPTIMUM,1.0575911640953715,2.0,1.0
Kentucky,2024,winter_wheat,560.0,75.0,data/raw/usda_nass/crop_production_2024_summary.txt,"Winter Wheat Area Planted and Harvested, Yield, and Production - States and","1,000 acres",bushels per acre,51.7,33390.0,5.54,154.12,390.97,1.0,128.42,1.4506769825918762,415.5,261.38,24.529999999999973,0.1407035175879397,STATE_YIELD_WITH_NATIONAL_PRICE_AND_COST,AGGREGATE_ACREAGE_NOT_MODEL_OPTIMUM,1.7206290471785384,1.0,3.0
Maryland,2024,corn,440.0,143.0,data/raw/usda_nass/crop_production_2024_summary.txt,"Corn Area Planted for All Purposes and Harvested for Grain, Yield, and Production","1,000 acres",bushels per acre,179.3,90594.0,3.97,434.66,878.31,1.0,319.64,0.7975460122699386,567.71,133.05,-310.5999999999999,0.3492063492063492,STATE_YIELD_WITH_NATIONAL_PRICE_AND_COST,AGGREGATE_ACREAGE_NOT_MODEL_OPTIMUM,0.9410915754776081,2.0,2.0
Maryland,2024,soybeans,495.0,44.0,data/raw/usda_nass/crop_production_2024_summary.txt,"Soybeans for Beans Area Planted and Harvested, Yield, and Production - States and","1,000 acres",bushels per acre,50.7,87050.0,9.92,243.56,650.83,1.0,302.04,0.8678500986193294,436.48,192.92000000000002,-214.35000000000002,0.39285714285714285,STATE_YIELD_WITH_NATIONAL_PRICE_AND_COST,AGGREGATE_ACREAGE_NOT_MODEL_OPTIMUM,0.8978946194058396,3.0,1.0
Maryland,2024,winter_wheat,325.0,75.0,data/raw/usda_nass/crop_production_2024_summary.txt,"Winter Wheat Area Planted and Harvested, Yield, and Production - States and","1,000 acres",bushels per acre,51.7,33390.0,5.54,154.12,390.97,1.0,128.42,1.4506769825918762,415.5,261.38,24.529999999999973,0.25793650793650796,STATE_YIELD_WITH_NATIONAL_PRICE_AND_COST,AGGREGATE_ACREAGE_NOT_MODEL_OPTIMUM,1.669708182659154,1.0,3.0
Michigan,2024,corn,2250.0,181.0,data/raw/usda_nass/crop_production_2024_summary.txt,"Corn Area Planted for All Purposes and Harvested for Grain, Yield, and Production","1,000 acres",bushels per acre,179.3,90594.0,3.97,434.66,878.31,1.0,319.64,1.0094813162297824,718.57,283.91,-159.7399999999999,0.4639175257731959,STATE_YIELD_WITH_NATIONAL_PRICE_AND_COST,AGGREGATE_ACREAGE_NOT_MODEL_OPTIMUM,0.9582023313953829,2.0,1.0
Michigan,2024,soybeans,2200.0,49.0,data/raw/usda_nass/crop_production_2024_summary.txt,"Soybeans for Beans Area Planted and Harvested, Yield, and Production - States and","1,000 acres",bushels per acre,50.7,87050.0,9.92,243.56,650.83,1.0,302.04,0.9664694280078895,486.08,242.51999999999998,-164.75000000000006,0.4536082474226804,STATE_YIELD_WITH_NATIONAL_PRICE_AND_COST,AGGREGATE_ACREAGE_NOT_MODEL_OPTIMUM,0.9283357771260996,3.0,2.0
Michigan,2024,winter_wheat,400.0,87.0,data/raw/usda_nass/crop_production_2024_summary.txt,"Winter Wheat Area Planted and Harvested, Yield, and Production - States and","1,000 acres",bushels per acre,51.7,33390.0,5.54,154.12,390.97,1.0,128.42,1.6827852998065762,481.98,327.86,91.00999999999999,0.08247422680412371,STATE_YIELD_WITH_NATIONAL_PRICE_AND_COST,AGGREGATE_ACREAGE_NOT_MODEL_OPTIMUM,1.7031368261710536,1.0,3.0
Mississippi,2024,corn,490.0,186.0,data/raw/usda_nass/crop_production_2024_summary.txt,"Corn Area Planted for All Purposes and Harvested for Grain, Yield, and Production","1,000 acres",bushels per acre,179.3,90594.0,3.97,434.66,878.31,1.0,319.64,1.037367540435025,738.4200000000001,303.76000000000005,-139.88999999999987,0.17192982456140352,STATE_YIELD_WITH_NATIONAL_PRICE_AND_COST,AGGREGATE_ACREAGE_NOT_MODEL_OPTIMUM,0.9862128388729832,3.0,2.0
Mississippi,2024,soybeans,2300.0,56.0,data/raw/usda_nass/crop_production_2024_summary.txt,"Soybeans for Beans Area Planted and Harvested, Yield, and Production - States and","1,000 acres",bushels per acre,50.7,87050.0,9.92,243.56,650.83,1.0,302.04,1.1045364891518736,555.52,311.96,-95.31000000000006,0.8070175438596491,STATE_YIELD_WITH_NATIONAL_PRICE_AND_COST,AGGREGATE_ACREAGE_NOT_MODEL_OPTIMUM,1.0977145225041438,1.0,1.0
Mississippi,2024,winter_wheat,60.0,50.0,data/raw/usda_nass/crop_production_2024_summary.txt,"Winter Wheat Area Planted and Harvested, Yield, and Production - States and","1,000 acres",bushels per acre,51.7,33390.0,5.54,154.12,390.97,1.0,128.42,0.9671179883945841,277.0,122.88,-113.97000000000003,0.021052631578947368,STATE_YIELD_WITH_NATIONAL_PRICE_AND_COST,AGGREGATE_ACREAGE_NOT_MODEL_OPTIMUM,1.0670254814565638,2.0,3.0
Missouri,2024,corn,3450.0,183.0,data/raw/usda_nass/crop_production_2024_summary.txt,"Corn Area Planted for All Purposes and Harvested for Grain, Yield, and Production","1,000 acres",bushels per acre,179.3,90594.0,3.97,434.66,878.31,1.0,319.64,1.0206358059118794,726.51,291.84999999999997,-151.79999999999995,0.344311377245509,STATE_YIELD_WITH_NATIONAL_PRICE_AND_COST,AGGREGATE_ACREAGE_NOT_MODEL_OPTIMUM,0.895716602556221,3.0,2.0
Missouri,2024,soybeans,5900.0,49.0,data/raw/usda_nass/crop_production_2024_summary.txt,"Soybeans for Beans Area Planted and Harvested, Yield, and Production - States and","1,000 acres",bushels per acre,50.7,87050.0,9.92,243.56,650.83,1.0,302.04,0.9664694280078895,486.08,242.51999999999998,-164.75000000000006,0.5888223552894212,STATE_YIELD_WITH_NATIONAL_PRICE_AND_COST,AGGREGATE_ACREAGE_NOT_MODEL_OPTIMUM,0.9329776552339666,2.0,1.0
Missouri,2024,winter_wheat,670.0,75.0,data/raw/usda_nass/crop_production_2024_summary.txt,"Winter Wheat Area Planted and Harvested, Yield, and Production - States and","1,000 acres",bushels per acre,51.7,33390.0,5.54,154.12,390.97,1.0,128.42,1.4506769825918762,415.5,261.38,24.529999999999973,0.06686626746506986,STATE_YIELD_WITH_NATIONAL_PRICE_AND_COST,AGGREGATE_ACREAGE_NOT_MODEL_OPTIMUM,1.3299974770835086,1.0,3.0
Nebraska,2024,corn,10050.0,188.0,data/raw/usda_nass/crop_production_2024_summary.txt,"Corn Area Planted for All Purposes and Harvested for Grain, Yield, and Production","1,000 acres",bushels per acre,179.3,90594.0,3.97,434.66,878.31,1.0,319.64,1.048522030117122,746.36,311.7,-131.94999999999993,0.6146788990825688,STATE_YIELD_WITH_NATIONAL_PRICE_AND_COST,AGGREGATE_ACREAGE_NOT_MODEL_OPTIMUM,0.9890329178351941,2.0,1.0
Nebraska,2024,soybeans,5300.0,57.5,data/raw/usda_nass/crop_production_2024_summary.txt,"Soybeans for Beans Area Planted and Harvested, Yield, and Production - States and","1,000 acres",bushels per acre,50.7,87050.0,9.92,243.56,650.83,1.0,302.04,1.1341222879684418,570.4,326.84,-80.43000000000006,0.3241590214067278,STATE_YIELD_WITH_NATIONAL_PRICE_AND_COST,AGGREGATE_ACREAGE_NOT_MODEL_OPTIMUM,1.0028448935356369,1.0,2.0
Nebraska,2024,winter_wheat,1000.0,52.0,data/raw/usda_nass/crop_production_2024_summary.txt,"Winter Wheat Area Planted and Harvested, Yield, and Production - States and","1,000 acres",bushels per acre,51.7,33390.0,5.54,154.12,390.97,1.0,128.42,1.0058027079303675,288.08,133.95999999999998,-102.89000000000004,0.06116207951070336,STATE_YIELD_WITH_NATIONAL_PRICE_AND_COST,AGGREGATE_ACREAGE_NOT_MODEL_OPTIMUM,0.7554452947607434,3.0,3.0
New York,2024,corn,1020.0,169.0,data/raw/usda_nass/crop_production_2024_summary.txt,"Corn Area Planted for All Purposes and Harvested for Grain, Yield, and Production","1,000 acres",bushels per acre,179.3,90594.0,3.97,434.66,878.31,1.0,319.64,0.9425543781372001,670.9300000000001,236.27000000000004,-207.37999999999988,0.6688524590163935,STATE_YIELD_WITH_NATIONAL_PRICE_AND_COST,AGGREGATE_ACREAGE_NOT_MODEL_OPTIMUM,0.8578504557989215,3.0,1.0
New York,2024,soybeans,370.0,51.0,data/raw/usda_nass/crop_production_2024_summary.txt,"Soybeans for Beans Area Planted and Harvested, Yield, and Production - States and","1,000 acres",bushels per acre,50.7,87050.0,9.92,243.56,650.83,1.0,302.04,1.0059171597633136,505.92,262.36,-144.91000000000003,0.24262295081967214,STATE_YIELD_WITH_NATIONAL_PRICE_AND_COST,AGGREGATE_ACREAGE_NOT_MODEL_OPTIMUM,0.957581601428025,2.0,2.0
New York,2024,winter_wheat,135.0,75.0,data/raw/usda_nass/crop_production_2024_summary.txt,"Winter Wheat Area Planted and Harvested, Yield, and Production - States and","1,000 acres",bushels per acre,51.7,33390.0,5.54,154.12,390.97,1.0,128.42,1.4506769825918762,415.5,261.38,24.529999999999973,0.08852459016393442,STATE_YIELD_WITH_NATIONAL_PRICE_AND_COST,AGGREGATE_ACREAGE_NOT_MODEL_OPTIMUM,1.5663527037255065,1.0,3.0
North Carolina,2024,corn,890.0,87.0,data/raw/usda_nass/crop_production_2024_summary.txt,"Corn Area Planted for All Purposes and Harvested for Grain, Yield, and Production","1,000 acres",bushels per acre,179.3,90594.0,3.97,434.66,878.31,1.0,319.64,0.4852203011712214,345.39000000000004,-89.26999999999998,-532.9199999999998,0.3037542662116041,STATE_YIELD_WITH_NATIONAL_PRICE_AND_COST,AGGREGATE_ACREAGE_NOT_MODEL_OPTIMUM,0.7778734067529669,2.0,2.0
North Carolina,2024,soybeans,1630.0,39.0,data/raw/usda_nass/crop_production_2024_summary.txt,"Soybeans for Beans Area Planted and Harvested, Yield, and Production - States and","1,000 acres",bushels per acre,50.7,87050.0,9.92,243.56,650.83,1.0,302.04,0.7692307692307692,386.88,143.32,-263.95000000000005,0.5563139931740614,STATE_YIELD_WITH_NATIONAL_PRICE_AND_COST,AGGREGATE_ACREAGE_NOT_MODEL_OPTIMUM,0.7685396213183731,3.0,1.0
North Carolina,2024,winter_wheat,410.0,57.0,data/raw/usda_nass/crop_production_2024_summary.txt,"Winter Wheat Area Planted and Harvested, Yield, and Production - States and","1,000 acres",bushels per acre,51.7,33390.0,5.54,154.12,390.97,1.0,128.42,1.1025145067698259,315.78000000000003,161.66000000000003,-75.19,0.13993174061433447,STATE_YIELD_WITH_NATIONAL_PRICE_AND_COST,AGGREGATE_ACREAGE_NOT_MODEL_OPTIMUM,1.3725506685728703,1.0,3.0
North Dakota,2024,corn,3950.0,149.0,data/raw/usda_nass/crop_production_2024_summary.txt,"Corn Area Planted for All Purposes and Harvested for Grain, Yield, and Production","1,000 acres",bushels per acre,179.3,90594.0,3.97,434.66,878.31,1.0,319.64,0.8310094813162298,591.53,156.86999999999995,-286.78,0.3700234192037471,STATE_YIELD_WITH_NATIONAL_PRICE_AND_COST,AGGREGATE_ACREAGE_NOT_MODEL_OPTIMUM,0.7781271162789789,2.0,2.0
North Dakota,2024,soybeans,6600.0,37.5,data/raw/usda_nass/crop_production_2024_summary.txt,"Soybeans for Beans Area Planted and Harvested, Yield, and Production - States and","1,000 acres",bushels per acre,50.7,87050.0,9.92,243.56,650.83,1.0,302.04,0.7396449704142012,372.0,128.44,-278.83000000000004,0.6182669789227166,STATE_YIELD_WITH_NATIONAL_PRICE_AND_COST,AGGREGATE_ACREAGE_NOT_MODEL_OPTIMUM,0.7036130944791533,3.0,1.0
North Dakota,2024,winter_wheat,125.0,54.0,data/raw/usda_nass/crop_production_2024_summary.txt,"Winter Wheat Area Planted and Harvested, Yield, and Production - States and","1,000 acres",bushels per acre,51.7,33390.0,5.54,154.12,390.97,1.0,128.42,1.0444874274661509,299.16,145.04000000000002,-91.81,0.0117096018735363,STATE_YIELD_WITH_NATIONAL_PRICE_AND_COST,AGGREGATE_ACREAGE_NOT_MODEL_OPTIMUM,1.191657556134892,1.0,3.0
Ohio,2024,corn,3400.0,177.0,data/raw/usda_nass/crop_production_2024_summary.txt,"Corn Area Planted for All Purposes and Harvested for Grain, Yield, and Production","1,000 acres",bushels per acre,179.3,90594.0,3.97,434.66,878.31,1.0,319.64,0.9871723368655884,702.69,268.03000000000003,-175.6199999999999,0.379041248606466,STATE_YIELD_WITH_NATIONAL_PRICE_AND_COST,AGGREGATE_ACREAGE_NOT_MODEL_OPTIMUM,1.0975913207922763,3.0,2.0
Ohio,2024,soybeans,5050.0,50.0,data/raw/usda_nass/crop_production_2024_summary.txt,"Soybeans for Beans Area Planted and Harvested, Yield, and Production - States and","1,000 acres",bushels per acre,50.7,87050.0,9.92,243.56,650.83,1.0,302.04,0.9861932938856015,496.0,252.44,-154.83000000000004,0.5629877369007804,STATE_YIELD_WITH_NATIONAL_PRICE_AND_COST,AGGREGATE_ACREAGE_NOT_MODEL_OPTIMUM,1.1325983360958816,2.0,1.0
Ohio,2024,winter_wheat,520.0,85.0,data/raw/usda_nass/crop_production_2024_summary.txt,"Winter Wheat Area Planted and Harvested, Yield, and Production - States and","1,000 acres",bushels per acre,51.7,33390.0,5.54,154.12,390.97,1.0,128.42,1.6441005802707929,470.9,316.78,79.92999999999995,0.057971014492753624,STATE_YIELD_WITH_NATIONAL_PRICE_AND_COST,AGGREGATE_ACREAGE_NOT_MODEL_OPTIMUM,1.7297535951560004,1.0,3.0
Oklahoma,2024,corn,450.0,98.0,data/raw/usda_nass/crop_production_2024_summary.txt,"Corn Area Planted for All Purposes and Harvested for Grain, Yield, and Production","1,000 acres",bushels per acre,179.3,90594.0,3.97,434.66,878.31,1.0,319.64,0.5465699944227551,389.06,-45.60000000000002,-489.24999999999994,0.08482563619227144,STATE_YIELD_WITH_NATIONAL_PRICE_AND_COST,AGGREGATE_ACREAGE_NOT_MODEL_OPTIMUM,0.7719795393025329,1.0,3.0
Oklahoma,2024,soybeans,505.0,20.0,data/raw/usda_nass/crop_production_2024_summary.txt,"Soybeans for Beans Area Planted and Harvested, Yield, and Production - States and","1,000 acres",bushels per acre,50.7,87050.0,9.92,243.56,650.83,1.0,302.04,0.3944773175542406,198.4,-45.16,-452.43000000000006,0.09519321394910461,STATE_YIELD_WITH_NATIONAL_PRICE_AND_COST,AGGREGATE_ACREAGE_NOT_MODEL_OPTIMUM,0.4282879637893663,3.0,2.0
Oklahoma,2024,winter_wheat,4350.0,38.0,data/raw/usda_nass/crop_production_2024_summary.txt,"Winter Wheat Area Planted and Harvested, Yield, and Production - States and","1,000 acres",bushels per acre,51.7,33390.0,5.54,154.12,390.97,1.0,128.42,0.7350096711798839,210.52,56.400000000000006,-180.45000000000002,0.8199811498586239,STATE_YIELD_WITH_NATIONAL_PRICE_AND_COST,AGGREGATE_ACREAGE_NOT_MODEL_OPTIMUM,0.5745521823227651,2.0,1.0
Pennsylvania,2024,corn,990.0,138.0,data/raw/usda_nass/crop_production_2024_summary.txt,"Corn Area Planted for All Purposes and Harvested for Grain, Yield, and Production","1,000 acres",bushels per acre,179.3,90594.0,3.97,434.66,878.31,1.0,319.64,0.769659788064696,547.86,113.19999999999999,-330.44999999999993,0.5380434782608695,STATE_YIELD_WITH_NATIONAL_PRICE_AND_COST,AGGREGATE_ACREAGE_NOT_MODEL_OPTIMUM,0.8464432851870717,3.0,1.0
Pennsylvania,2024,soybeans,610.0,45.0,data/raw/usda_nass/crop_production_2024_summary.txt,"Soybeans for Beans Area Planted and Harvested, Yield, and Production - States and","1,000 acres",bushels per acre,50.7,87050.0,9.92,243.56,650.83,1.0,302.04,0.8875739644970414,446.4,202.83999999999997,-204.43000000000006,0.33152173913043476,STATE_YIELD_WITH_NATIONAL_PRICE_AND_COST,AGGREGATE_ACREAGE_NOT_MODEL_OPTIMUM,0.8978946194058396,2.0,2.0
Pennsylvania,2024,winter_wheat,240.0,75.0,data/raw/usda_nass/crop_production_2024_summary.txt,"Winter Wheat Area Planted and Harvested, Yield, and Production - States and","1,000 acres",bushels per acre,51.7,33390.0,5.54,154.12,390.97,1.0,128.42,1.4506769825918762,415.5,261.38,24.529999999999973,0.13043478260869565,STATE_YIELD_WITH_NATIONAL_PRICE_AND_COST,AGGREGATE_ACREAGE_NOT_MODEL_OPTIMUM,1.5275838869733411,1.0,3.0
South Carolina,2024,corn,330.0,101.0,data/raw/usda_nass/crop_production_2024_summary.txt,"Corn Area Planted for All Purposes and Harvested for Grain, Yield, and Production","1,000 acres",bushels per acre,179.3,90594.0,3.97,434.66,878.31,1.0,319.64,0.5633017289459007,400.97,-33.69,-477.3399999999999,0.4125,STATE_YIELD_WITH_NATIONAL_PRICE_AND_COST,AGGREGATE_ACREAGE_NOT_MODEL_OPTIMUM,0.7747996182647439,2.0,2.0
South Carolina,2024,soybeans,390.0,34.0,data/raw/usda_nass/crop_production_2024_summary.txt,"Soybeans for Beans Area Planted and Harvested, Yield, and Production - States and","1,000 acres",bushels per acre,50.7,87050.0,9.92,243.56,650.83,1.0,302.04,0.6706114398422091,337.28,93.71999999999997,-313.55000000000007,0.4875,STATE_YIELD_WITH_NATIONAL_PRICE_AND_COST,AGGREGATE_ACREAGE_NOT_MODEL_OPTIMUM,0.7583593650388882,3.0,1.0
South Carolina,2024,winter_wheat,80.0,54.0,data/raw/usda_nass/crop_production_2024_summary.txt,"Winter Wheat Area Planted and Harvested, Yield, and Production - States and","1,000 acres",bushels per acre,51.7,33390.0,5.54,154.12,390.97,1.0,128.42,1.0444874274661509,299.16,145.04000000000002,-91.81,0.1,STATE_YIELD_WITH_NATIONAL_PRICE_AND_COST,AGGREGATE_ACREAGE_NOT_MODEL_OPTIMUM,1.179505508367673,1.0,3.0
South Dakota,2024,corn,5900.0,164.0,data/raw/usda_nass/crop_production_2024_summary.txt,"Corn Area Planted for All Purposes and Harvested for Grain, Yield, and Production","1,000 acres",bushels per acre,179.3,90594.0,3.97,434.66,878.31,1.0,319.64,0.9146681539319576,651.08,216.42000000000002,-227.2299999999999,0.4832104832104832,STATE_YIELD_WITH_NATIONAL_PRICE_AND_COST,AGGREGATE_ACREAGE_NOT_MODEL_OPTIMUM,0.8092748396263054,3.0,1.0
South Dakota,2024,soybeans,5450.0,43.0,data/raw/usda_nass/crop_production_2024_summary.txt,"Soybeans for Beans Area Planted and Harvested, Yield, and Production - States and","1,000 acres",bushels per acre,50.7,87050.0,9.92,243.56,650.83,1.0,302.04,0.8481262327416174,426.56,183.0,-224.27000000000004,0.44635544635544633,STATE_YIELD_WITH_NATIONAL_PRICE_AND_COST,AGGREGATE_ACREAGE_NOT_MODEL_OPTIMUM,0.8178471248246844,2.0,2.0
South Dakota,2024,winter_wheat,860.0,63.0,data/raw/usda_nass/crop_production_2024_summary.txt,"Winter Wheat Area Planted and Harvested, Yield, and Production - States and","1,000 acres",bushels per acre,51.7,33390.0,5.54,154.12,390.97,1.0,128.42,1.218568665377176,349.02,194.89999999999998,-41.950000000000045,0.07043407043407043,STATE_YIELD_WITH_NATIONAL_PRICE_AND_COST,AGGREGATE_ACREAGE_NOT_MODEL_OPTIMUM,1.0176183668320578,1.0,3.0
Tennessee,2024,corn,700.0,152.0,data/raw/usda_nass/crop_production_2024_summary.txt,"Corn Area Planted for All Purposes and Harvested for Grain, Yield, and Production","1,000 acres",bushels per acre,179.3,90594.0,3.97,434.66,878.31,1.0,319.64,0.8477412158393753,603.44,168.78000000000003,-274.8699999999999,0.2413793103448276,STATE_YIELD_WITH_NATIONAL_PRICE_AND_COST,AGGREGATE_ACREAGE_NOT_MODEL_OPTIMUM,0.8627294851453072,3.0,2.0
Tennessee,2024,soybeans,1820.0,42.0,data/raw/usda_nass/crop_production_2024_summary.txt,"Soybeans for Beans Area Planted and Harvested, Yield, and Production - States and","1,000 acres",bushels per acre,50.7,87050.0,9.92,243.56,650.83,1.0,302.04,0.8284023668639052,416.64,173.07999999999998,-234.19000000000005,0.6275862068965518,STATE_YIELD_WITH_NATIONAL_PRICE_AND_COST,AGGREGATE_ACREAGE_NOT_MODEL_OPTIMUM,0.987823536911896,2.0,1.0
Tennessee,2024,winter_wheat,380.0,75.0,data/raw/usda_nass/crop_production_2024_summary.txt,"Winter Wheat Area Planted and Harvested, Yield, and Production - States and","1,000 acres",bushels per acre,51.7,33390.0,5.54,154.12,390.97,1.0,128.42,1.4506769825918762,415.5,261.38,24.529999999999973,0.1310344827586207,STATE_YIELD_WITH_NATIONAL_PRICE_AND_COST,AGGREGATE_ACREAGE_NOT_MODEL_OPTIMUM,1.5671095786729459,1.0,3.0
Texas,2024,corn,2150.0,112.0,data/raw/usda_nass/crop_production_2024_summary.txt,"Corn Area Planted for All Purposes and Harvested for Grain, Yield, and Production","1,000 acres",bushels per acre,179.3,90594.0,3.97,434.66,878.31,1.0,319.64,0.6246514221974344,444.64000000000004,9.980000000000018,-433.6699999999999,0.27741935483870966,STATE_YIELD_WITH_NATIONAL_PRICE_AND_COST,AGGREGATE_ACREAGE_NOT_MODEL_OPTIMUM,0.6179827360425607,2.0,2.0
Texas,2024,soybeans,100.0,32.0,data/raw/usda_nass/crop_production_2024_summary.txt,"Soybeans for Beans Area Planted and Harvested, Yield, and Production - States and","1,000 acres",bushels per acre,50.7,87050.0,9.92,243.56,650.83,1.0,302.04,0.631163708086785,317.44,73.88,-333.39000000000004,0.012903225806451613,STATE_YIELD_WITH_NATIONAL_PRICE_AND_COST,AGGREGATE_ACREAGE_NOT_MODEL_OPTIMUM,0.44864847634833604,3.0,3.0
Texas,2024,winter_wheat,5500.0,31.0,data/raw/usda_nass/crop_production_2024_summary.txt,"Winter Wheat Area Planted and Harvested, Yield, and Production - States and","1,000 acres",bushels per acre,51.7,33390.0,5.54,154.12,390.97,1.0,128.42,0.5996131528046421,171.74,17.620000000000005,-219.23000000000002,0.7096774193548387,STATE_YIELD_WITH_NATIONAL_PRICE_AND_COST,AGGREGATE_ACREAGE_NOT_MODEL_OPTIMUM,0.6847615843915567,1.0,1.0
Virginia,2024,corn,460.0,114.0,data/raw/usda_nass/crop_production_2024_summary.txt,"Corn Area Planted for All Purposes and Harvested for Grain, Yield, and Production","1,000 acres",bushels per acre,179.3,90594.0,3.97,434.66,878.31,1.0,319.64,0.6358059118795315,452.58000000000004,17.920000000000016,-425.7299999999999,0.3770491803278688,STATE_YIELD_WITH_NATIONAL_PRICE_AND_COST,AGGREGATE_ACREAGE_NOT_MODEL_OPTIMUM,0.9242979564673485,2.0,2.0
Virginia,2024,soybeans,610.0,44.0,data/raw/usda_nass/crop_production_2024_summary.txt,"Soybeans for Beans Area Planted and Harvested, Yield, and Production - States and","1,000 acres",bushels per acre,50.7,87050.0,9.92,243.56,650.83,1.0,302.04,0.8678500986193294,436.48,192.92000000000002,-214.35000000000002,0.5,STATE_YIELD_WITH_NATIONAL_PRICE_AND_COST,AGGREGATE_ACREAGE_NOT_MODEL_OPTIMUM,0.7888005227591482,3.0,1.0
Virginia,2024,winter_wheat,150.0,66.0,data/raw/usda_nass/crop_production_2024_summary.txt,"Winter Wheat Area Planted and Harvested, Yield, and Production - States and","1,000 acres",bushels per acre,51.7,33390.0,5.54,154.12,390.97,1.0,128.42,1.276595744680851,365.64,211.51999999999998,-25.33000000000004,0.12295081967213115,STATE_YIELD_WITH_NATIONAL_PRICE_AND_COST,AGGREGATE_ACREAGE_NOT_MODEL_OPTIMUM,1.4941552434614414,1.0,3.0
Wisconsin,2024,corn,3750.0,174.0,data/raw/usda_nass/crop_production_2024_summary.txt,"Corn Area Planted for All Purposes and Harvested for Grain, Yield, and Production","1,000 acres",bushels per acre,179.3,90594.0,3.97,434.66,878.31,1.0,319.64,0.9704406023424428,690.7800000000001,256.12000000000006,-187.52999999999986,0.6082725060827251,STATE_YIELD_WITH_NATIONAL_PRICE_AND_COST,AGGREGATE_ACREAGE_NOT_MODEL_OPTIMUM,1.0153650392176379,3.0,1.0
Wisconsin,2024,soybeans,2150.0,48.0,data/raw/usda_nass/crop_production_2024_summary.txt,"Soybeans for Beans Area Planted and Harvested, Yield, and Production - States and","1,000 acres",bushels per acre,50.7,87050.0,9.92,243.56,650.83,1.0,302.04,0.9467455621301775,476.15999999999997,232.59999999999997,-174.67000000000007,0.34874290348742903,STATE_YIELD_WITH_NATIONAL_PRICE_AND_COST,AGGREGATE_ACREAGE_NOT_MODEL_OPTIMUM,1.048307407879638,2.0,2.0
Wisconsin,2024,winter_wheat,265.0,82.0,data/raw/usda_nass/crop_production_2024_summary.txt,"Winter Wheat Area Planted and Harvested, Yield, and Production - States and","1,000 acres",bushels per acre,51.7,33390.0,5.54,154.12,390.97,1.0,128.42,1.5860735009671179,454.28000000000003,300.16,63.31,0.042984590429845905,STATE_YIELD_WITH_NATIONAL_PRICE_AND_COST,AGGREGATE_ACREAGE_NOT_MODEL_OPTIMUM,1.5807753763350432,1.0,3.0
