state,year,crop,planted_acres_1000,yield_bushels_per_acre,source_path,source_table,source_unit_acres,source_unit_yield,national_nass_yield_bushels_per_acre,national_planted_acres_1000,harvest_price_usd_per_bushel,operating_cost_usd_per_planted_acre,total_cost_usd_per_planted_acre,cpi_u_deflator_to_2024,primary_margin_real_2024_usd_per_planted_acre,relative_yield,standardized_revenue_real_2024_usd_per_acre,standardized_operating_margin_real_2024_usd_per_acre,standardized_total_cost_margin_real_2024_usd_per_acre,observed_acreage_share,geographic_price_cost_scope,observed_allocation_interpretation
Alabama,2022,corn,300.0,118.0,data/raw/usda_nass/crop_production_2024_summary.txt,"Corn Area Planted for All Purposes and Harvested for Grain, Yield, and Production","1,000 acres",bushels per acre,173.4,88162.0,6.48,519.11,927.86,1.071873,693.812519,0.6805074971164936,819.5969707200002,263.1769776900001,-174.95111105999993,0.35714285714285715,STATE_YIELD_WITH_NATIONAL_PRICE_AND_COST,AGGREGATE_ACREAGE_NOT_MODEL_OPTIMUM
Alabama,2022,soybeans,360.0,41.0,data/raw/usda_nass/crop_production_2024_summary.txt,"Soybeans for Beans Area Planted and Harvested, Yield, and Production - States and","1,000 acres",bushels per acre,49.6,87450.0,13.49,267.83,628.28,1.071873,464.817622,0.8266129032258064,592.8422375700001,305.76249198000005,-80.59413086999994,0.42857142857142855,STATE_YIELD_WITH_NATIONAL_PRICE_AND_COST,AGGREGATE_ACREAGE_NOT_MODEL_OPTIMUM
Alabama,2022,winter_wheat,180.0,72.0,data/raw/usda_nass/crop_production_2024_summary.txt,"Winter Wheat Area Planted and Harvested, Yield, and Production - States and","1,000 acres",bushels per acre,47.0,33281.0,8.95,184.99,401.81,1.071873,185.444706,1.5319148936170213,690.7149612000001,492.42917493,260.02567107,0.21428571428571427,STATE_YIELD_WITH_NATIONAL_PRICE_AND_COST,AGGREGATE_ACREAGE_NOT_MODEL_OPTIMUM
Alabama,2023,corn,330.0,164.0,data/raw/usda_nass/crop_production_2024_summary.txt,"Corn Area Planted for All Purposes and Harvested for Grain, Yield, and Production","1,000 acres",bushels per acre,177.3,94641.0,4.92,479.74,908.81,1.029495,448.221643,0.9249858996051888,830.6789256000001,336.7889943,-104.93642534999995,0.3728813559322034,STATE_YIELD_WITH_NATIONAL_PRICE_AND_COST,AGGREGATE_ACREAGE_NOT_MODEL_OPTIMUM
Alabama,2023,soybeans,350.0,43.0,data/raw/usda_nass/crop_production_2024_summary.txt,"Soybeans for Beans Area Planted and Harvested, Yield, and Production - States and","1,000 acres",bushels per acre,50.6,83600.0,12.75,268.23,662.52,1.029495,432.66597,0.849802371541502,564.42063375,288.2791899,-117.64039365,0.3954802259887006,STATE_YIELD_WITH_NATIONAL_PRICE_AND_COST,AGGREGATE_ACREAGE_NOT_MODEL_OPTIMUM
Alabama,2023,winter_wheat,205.0,75.0,data/raw/usda_nass/crop_production_2024_summary.txt,"Winter Wheat Area Planted and Harvested, Yield, and Production - States and","1,000 acres",bushels per acre,50.6,36699.0,7.52,169.68,396.92,1.029495,142.729222,1.4822134387351777,580.63518,405.95046840000003,172.0080246,0.23163841807909605,STATE_YIELD_WITH_NATIONAL_PRICE_AND_COST,AGGREGATE_ACREAGE_NOT_MODEL_OPTIMUM
Alabama,2024,corn,270.0,112.0,data/raw/usda_nass/crop_production_2024_summary.txt,"Corn Area Planted for All Purposes and Harvested for Grain, Yield, and Production","1,000 acres",bushels per acre,179.3,90594.0,3.97,434.66,878.31,1.0,319.64,0.6246514221974344,444.64000000000004,9.980000000000018,-433.6699999999999,0.36486486486486486,STATE_YIELD_WITH_NATIONAL_PRICE_AND_COST,AGGREGATE_ACREAGE_NOT_MODEL_OPTIMUM
Alabama,2024,soybeans,360.0,31.0,data/raw/usda_nass/crop_production_2024_summary.txt,"Soybeans for Beans Area Planted and Harvested, Yield, and Production - States and","1,000 acres",bushels per acre,50.7,87050.0,9.92,243.56,650.83,1.0,302.04,0.611439842209073,307.52,63.95999999999998,-343.31000000000006,0.4864864864864865,STATE_YIELD_WITH_NATIONAL_PRICE_AND_COST,AGGREGATE_ACREAGE_NOT_MODEL_OPTIMUM
Alabama,2024,winter_wheat,110.0,71.0,data/raw/usda_nass/crop_production_2024_summary.txt,"Winter Wheat Area Planted and Harvested, Yield, and Production - States and","1,000 acres",bushels per acre,51.7,33390.0,5.54,154.12,390.97,1.0,128.42,1.3733075435203095,393.34,239.21999999999997,2.3699999999999477,0.14864864864864866,STATE_YIELD_WITH_NATIONAL_PRICE_AND_COST,AGGREGATE_ACREAGE_NOT_MODEL_OPTIMUM
Arkansas,2022,corn,710.0,173.0,data/raw/usda_nass/crop_production_2024_summary.txt,"Corn Area Planted for All Purposes and Harvested for Grain, Yield, and Production","1,000 acres",bushels per acre,173.4,88162.0,6.48,519.11,927.86,1.071873,693.812519,0.9976931949250288,1201.61250792,645.19251489,207.06442613999997,0.17274939172749393,STATE_YIELD_WITH_NATIONAL_PRICE_AND_COST,AGGREGATE_ACREAGE_NOT_MODEL_OPTIMUM
Arkansas,2022,soybeans,3180.0,52.0,data/raw/usda_nass/crop_production_2024_summary.txt,"Soybeans for Beans Area Planted and Harvested, Yield, and Production - States and","1,000 acres",bushels per acre,49.6,87450.0,13.49,267.83,628.28,1.071873,464.817622,1.0483870967741935,751.89747204,464.81772645000007,78.46110360000006,0.7737226277372263,STATE_YIELD_WITH_NATIONAL_PRICE_AND_COST,AGGREGATE_ACREAGE_NOT_MODEL_OPTIMUM
Arkansas,2022,winter_wheat,220.0,53.0,data/raw/usda_nass/crop_production_2024_summary.txt,"Winter Wheat Area Planted and Harvested, Yield, and Production - States and","1,000 acres",bushels per acre,47.0,33281.0,8.95,184.99,401.81,1.071873,185.444706,1.127659574468085,508.44295755,310.15717128,77.75366741999997,0.0535279805352798,STATE_YIELD_WITH_NATIONAL_PRICE_AND_COST,AGGREGATE_ACREAGE_NOT_MODEL_OPTIMUM
Arkansas,2023,corn,850.0,183.0,data/raw/usda_nass/crop_production_2024_summary.txt,"Corn Area Planted for All Purposes and Harvested for Grain, Yield, and Production","1,000 acres",bushels per acre,177.3,94641.0,4.92,479.74,908.81,1.029495,448.221643,1.0321489001692046,926.9161182,433.0261869,-8.699232749999931,0.20935960591133004,STATE_YIELD_WITH_NATIONAL_PRICE_AND_COST,AGGREGATE_ACREAGE_NOT_MODEL_OPTIMUM
Arkansas,2023,soybeans,2980.0,54.0,data/raw/usda_nass/crop_production_2024_summary.txt,"Soybeans for Beans Area Planted and Harvested, Yield, and Production - States and","1,000 acres",bushels per acre,50.6,83600.0,12.75,268.23,662.52,1.029495,432.66597,1.0671936758893281,708.8073075,432.66586365,26.74628010000002,0.7339901477832512,STATE_YIELD_WITH_NATIONAL_PRICE_AND_COST,AGGREGATE_ACREAGE_NOT_MODEL_OPTIMUM
Arkansas,2023,winter_wheat,230.0,57.0,data/raw/usda_nass/crop_production_2024_summary.txt,"Winter Wheat Area Planted and Harvested, Yield, and Production - States and","1,000 acres",bushels per acre,50.6,36699.0,7.52,169.68,396.92,1.029495,142.729222,1.1264822134387351,441.2827368,266.5980252,32.655581399999974,0.05665024630541872,STATE_YIELD_WITH_NATIONAL_PRICE_AND_COST,AGGREGATE_ACREAGE_NOT_MODEL_OPTIMUM
Arkansas,2024,corn,500.0,187.0,data/raw/usda_nass/crop_production_2024_summary.txt,"Corn Area Planted for All Purposes and Harvested for Grain, Yield, and Production","1,000 acres",bushels per acre,179.3,90594.0,3.97,434.66,878.31,1.0,319.64,1.0429447852760736,742.39,307.72999999999996,-135.91999999999996,0.1358695652173913,STATE_YIELD_WITH_NATIONAL_PRICE_AND_COST,AGGREGATE_ACREAGE_NOT_MODEL_OPTIMUM
Arkansas,2024,soybeans,3050.0,55.0,data/raw/usda_nass/crop_production_2024_summary.txt,"Soybeans for Beans Area Planted and Harvested, Yield, and Production - States and","1,000 acres",bushels per acre,50.7,87050.0,9.92,243.56,650.83,1.0,302.04,1.0848126232741617,545.6,302.04,-105.23000000000002,0.8288043478260869,STATE_YIELD_WITH_NATIONAL_PRICE_AND_COST,AGGREGATE_ACREAGE_NOT_MODEL_OPTIMUM
Arkansas,2024,winter_wheat,130.0,56.0,data/raw/usda_nass/crop_production_2024_summary.txt,"Winter Wheat Area Planted and Harvested, Yield, and Production - States and","1,000 acres",bushels per acre,51.7,33390.0,5.54,154.12,390.97,1.0,128.42,1.0831721470019342,310.24,156.12,-80.73000000000002,0.035326086956521736,STATE_YIELD_WITH_NATIONAL_PRICE_AND_COST,AGGREGATE_ACREAGE_NOT_MODEL_OPTIMUM
Delaware,2022,corn,160.0,170.0,data/raw/usda_nass/crop_production_2024_summary.txt,"Corn Area Planted for All Purposes and Harvested for Grain, Yield, and Production","1,000 acres",bushels per acre,173.4,88162.0,6.48,519.11,927.86,1.071873,693.812519,0.9803921568627451,1180.7752968000002,624.3553037700002,186.22721502000013,0.4,STATE_YIELD_WITH_NATIONAL_PRICE_AND_COST,AGGREGATE_ACREAGE_NOT_MODEL_OPTIMUM
Delaware,2022,soybeans,160.0,43.0,data/raw/usda_nass/crop_production_2024_summary.txt,"Soybeans for Beans Area Planted and Harvested, Yield, and Production - States and","1,000 acres",bushels per acre,49.6,87450.0,13.49,267.83,628.28,1.071873,464.817622,0.8669354838709677,621.7613711100001,334.68162552000007,-51.67499732999992,0.4,STATE_YIELD_WITH_NATIONAL_PRICE_AND_COST,AGGREGATE_ACREAGE_NOT_MODEL_OPTIMUM
Delaware,2022,winter_wheat,80.0,76.0,data/raw/usda_nass/crop_production_2024_summary.txt,"Winter Wheat Area Planted and Harvested, Yield, and Production - States and","1,000 acres",bushels per acre,47.0,33281.0,8.95,184.99,401.81,1.071873,185.444706,1.6170212765957446,729.0880146,530.8022283299999,298.39872446999993,0.2,STATE_YIELD_WITH_NATIONAL_PRICE_AND_COST,AGGREGATE_ACREAGE_NOT_MODEL_OPTIMUM
Delaware,2023,corn,175.0,189.0,data/raw/usda_nass/crop_production_2024_summary.txt,"Corn Area Planted for All Purposes and Harvested for Grain, Yield, and Production","1,000 acres",bushels per acre,177.3,94641.0,4.92,479.74,908.81,1.029495,448.221643,1.065989847715736,957.3068106000001,463.4168793,21.691459650000052,0.43209876543209874,STATE_YIELD_WITH_NATIONAL_PRICE_AND_COST,AGGREGATE_ACREAGE_NOT_MODEL_OPTIMUM
Delaware,2023,soybeans,150.0,46.0,data/raw/usda_nass/crop_production_2024_summary.txt,"Soybeans for Beans Area Planted and Harvested, Yield, and Production - States and","1,000 acres",bushels per acre,50.6,83600.0,12.75,268.23,662.52,1.029495,432.66597,0.9090909090909091,603.7988175,327.65737365,-78.26220989999999,0.37037037037037035,STATE_YIELD_WITH_NATIONAL_PRICE_AND_COST,AGGREGATE_ACREAGE_NOT_MODEL_OPTIMUM
Delaware,2023,winter_wheat,80.0,92.0,data/raw/usda_nass/crop_production_2024_summary.txt,"Winter Wheat Area Planted and Harvested, Yield, and Production - States and","1,000 acres",bushels per acre,50.6,36699.0,7.52,169.68,396.92,1.029495,142.729222,1.8181818181818181,712.2458207999999,537.5611091999999,303.61866539999994,0.19753086419753085,STATE_YIELD_WITH_NATIONAL_PRICE_AND_COST,AGGREGATE_ACREAGE_NOT_MODEL_OPTIMUM
Delaware,2024,corn,165.0,171.0,data/raw/usda_nass/crop_production_2024_summary.txt,"Corn Area Planted for All Purposes and Harvested for Grain, Yield, and Production","1,000 acres",bushels per acre,179.3,90594.0,3.97,434.66,878.31,1.0,319.64,0.9537088678192972,678.87,244.20999999999998,-199.43999999999994,0.4230769230769231,STATE_YIELD_WITH_NATIONAL_PRICE_AND_COST,AGGREGATE_ACREAGE_NOT_MODEL_OPTIMUM
Delaware,2024,soybeans,155.0,45.0,data/raw/usda_nass/crop_production_2024_summary.txt,"Soybeans for Beans Area Planted and Harvested, Yield, and Production - States and","1,000 acres",bushels per acre,50.7,87050.0,9.92,243.56,650.83,1.0,302.04,0.8875739644970414,446.4,202.83999999999997,-204.43000000000006,0.3974358974358974,STATE_YIELD_WITH_NATIONAL_PRICE_AND_COST,AGGREGATE_ACREAGE_NOT_MODEL_OPTIMUM
Delaware,2024,winter_wheat,70.0,72.0,data/raw/usda_nass/crop_production_2024_summary.txt,"Winter Wheat Area Planted and Harvested, Yield, and Production - States and","1,000 acres",bushels per acre,51.7,33390.0,5.54,154.12,390.97,1.0,128.42,1.3926499032882012,398.88,244.76,7.909999999999968,0.1794871794871795,STATE_YIELD_WITH_NATIONAL_PRICE_AND_COST,AGGREGATE_ACREAGE_NOT_MODEL_OPTIMUM
Georgia,2022,corn,415.0,175.0,data/raw/usda_nass/crop_production_2024_summary.txt,"Corn Area Planted for All Purposes and Harvested for Grain, Yield, and Production","1,000 acres",bushels per acre,173.4,88162.0,6.48,519.11,927.86,1.071873,693.812519,1.0092272202998847,1215.5039820000002,659.0839889700001,220.95590022,0.532051282051282,STATE_YIELD_WITH_NATIONAL_PRICE_AND_COST,AGGREGATE_ACREAGE_NOT_MODEL_OPTIMUM
Georgia,2022,soybeans,165.0,41.0,data/raw/usda_nass/crop_production_2024_summary.txt,"Soybeans for Beans Area Planted and Harvested, Yield, and Production - States and","1,000 acres",bushels per acre,49.6,87450.0,13.49,267.83,628.28,1.071873,464.817622,0.8266129032258064,592.8422375700001,305.76249198000005,-80.59413086999994,0.21153846153846154,STATE_YIELD_WITH_NATIONAL_PRICE_AND_COST,AGGREGATE_ACREAGE_NOT_MODEL_OPTIMUM
Georgia,2022,winter_wheat,200.0,58.0,data/raw/usda_nass/crop_production_2024_summary.txt,"Winter Wheat Area Planted and Harvested, Yield, and Production - States and","1,000 acres",bushels per acre,47.0,33281.0,8.95,184.99,401.81,1.071873,185.444706,1.2340425531914894,556.4092743,358.1234880299999,125.7199841699999,0.2564102564102564,STATE_YIELD_WITH_NATIONAL_PRICE_AND_COST,AGGREGATE_ACREAGE_NOT_MODEL_OPTIMUM
Georgia,2023,corn,485.0,174.0,data/raw/usda_nass/crop_production_2024_summary.txt,"Corn Area Planted for All Purposes and Harvested for Grain, Yield, and Production","1,000 acres",bushels per acre,177.3,94641.0,4.92,479.74,908.81,1.029495,448.221643,0.9813874788494077,881.3300796000001,387.44014830000003,-54.2852713499999,0.5773809523809523,STATE_YIELD_WITH_NATIONAL_PRICE_AND_COST,AGGREGATE_ACREAGE_NOT_MODEL_OPTIMUM
Georgia,2023,soybeans,160.0,43.0,data/raw/usda_nass/crop_production_2024_summary.txt,"Soybeans for Beans Area Planted and Harvested, Yield, and Production - States and","1,000 acres",bushels per acre,50.6,83600.0,12.75,268.23,662.52,1.029495,432.66597,0.849802371541502,564.42063375,288.2791899,-117.64039365,0.19047619047619047,STATE_YIELD_WITH_NATIONAL_PRICE_AND_COST,AGGREGATE_ACREAGE_NOT_MODEL_OPTIMUM
Georgia,2023,winter_wheat,195.0,55.0,data/raw/usda_nass/crop_production_2024_summary.txt,"Winter Wheat Area Planted and Harvested, Yield, and Production - States and","1,000 acres",bushels per acre,50.6,36699.0,7.52,169.68,396.92,1.029495,142.729222,1.0869565217391304,425.799132,251.11442039999997,17.17197659999995,0.23214285714285715,STATE_YIELD_WITH_NATIONAL_PRICE_AND_COST,AGGREGATE_ACREAGE_NOT_MODEL_OPTIMUM
Georgia,2024,corn,375.0,163.0,data/raw/usda_nass/crop_production_2024_summary.txt,"Corn Area Planted for All Purposes and Harvested for Grain, Yield, and Production","1,000 acres",bushels per acre,179.3,90594.0,3.97,434.66,878.31,1.0,319.64,0.9090909090909091,647.11,212.45,-231.19999999999993,0.5434782608695652,STATE_YIELD_WITH_NATIONAL_PRICE_AND_COST,AGGREGATE_ACREAGE_NOT_MODEL_OPTIMUM
Georgia,2024,soybeans,170.0,47.0,data/raw/usda_nass/crop_production_2024_summary.txt,"Soybeans for Beans Area Planted and Harvested, Yield, and Production - States and","1,000 acres",bushels per acre,50.7,87050.0,9.92,243.56,650.83,1.0,302.04,0.9270216962524654,466.24,222.68,-184.59000000000003,0.2463768115942029,STATE_YIELD_WITH_NATIONAL_PRICE_AND_COST,AGGREGATE_ACREAGE_NOT_MODEL_OPTIMUM
Georgia,2024,winter_wheat,145.0,59.0,data/raw/usda_nass/crop_production_2024_summary.txt,"Winter Wheat Area Planted and Harvested, Yield, and Production - States and","1,000 acres",bushels per acre,51.7,33390.0,5.54,154.12,390.97,1.0,128.42,1.1411992263056092,326.86,172.74,-64.11000000000001,0.21014492753623187,STATE_YIELD_WITH_NATIONAL_PRICE_AND_COST,AGGREGATE_ACREAGE_NOT_MODEL_OPTIMUM
Illinois,2022,corn,10800.0,214.0,data/raw/usda_nass/crop_production_2024_summary.txt,"Corn Area Planted for All Purposes and Harvested for Grain, Yield, and Production","1,000 acres",bushels per acre,173.4,88162.0,6.48,519.11,927.86,1.071873,693.812519,1.2341407151095731,1486.3877265600001,929.96773353,491.83964478000007,0.4853932584269663,STATE_YIELD_WITH_NATIONAL_PRICE_AND_COST,AGGREGATE_ACREAGE_NOT_MODEL_OPTIMUM
Illinois,2022,soybeans,10800.0,63.0,data/raw/usda_nass/crop_production_2024_summary.txt,"Soybeans for Beans Area Planted and Harvested, Yield, and Production - States and","1,000 acres",bushels per acre,49.6,87450.0,13.49,267.83,628.28,1.071873,464.817622,1.2701612903225805,910.9527065100001,623.87296092,237.51633807000005,0.4853932584269663,STATE_YIELD_WITH_NATIONAL_PRICE_AND_COST,AGGREGATE_ACREAGE_NOT_MODEL_OPTIMUM
Illinois,2022,winter_wheat,650.0,79.0,data/raw/usda_nass/crop_production_2024_summary.txt,"Winter Wheat Area Planted and Harvested, Yield, and Production - States and","1,000 acres",bushels per acre,47.0,33281.0,8.95,184.99,401.81,1.071873,185.444706,1.6808510638297873,757.86780465,559.58201838,327.17851451999996,0.029213483146067417,STATE_YIELD_WITH_NATIONAL_PRICE_AND_COST,AGGREGATE_ACREAGE_NOT_MODEL_OPTIMUM
Illinois,2023,corn,11200.0,206.0,data/raw/usda_nass/crop_production_2024_summary.txt,"Corn Area Planted for All Purposes and Harvested for Grain, Yield, and Production","1,000 acres",bushels per acre,177.3,94641.0,4.92,479.74,908.81,1.029495,448.221643,1.161872532430908,1043.4137724,549.5238411,107.79842145000005,0.5002233139794551,STATE_YIELD_WITH_NATIONAL_PRICE_AND_COST,AGGREGATE_ACREAGE_NOT_MODEL_OPTIMUM
Illinois,2023,soybeans,10350.0,63.0,data/raw/usda_nass/crop_production_2024_summary.txt,"Soybeans for Beans Area Planted and Harvested, Yield, and Production - States and","1,000 acres",bushels per acre,50.6,83600.0,12.75,268.23,662.52,1.029495,432.66597,1.2450592885375493,826.94185875,550.8004149,144.88083135000002,0.46225993747208577,STATE_YIELD_WITH_NATIONAL_PRICE_AND_COST,AGGREGATE_ACREAGE_NOT_MODEL_OPTIMUM
Illinois,2023,winter_wheat,840.0,87.0,data/raw/usda_nass/crop_production_2024_summary.txt,"Winter Wheat Area Planted and Harvested, Yield, and Production - States and","1,000 acres",bushels per acre,50.6,36699.0,7.52,169.68,396.92,1.029495,142.729222,1.7193675889328062,673.5368088,498.8520972,264.9096534,0.037516748548459135,STATE_YIELD_WITH_NATIONAL_PRICE_AND_COST,AGGREGATE_ACREAGE_NOT_MODEL_OPTIMUM
Illinois,2024,corn,10800.0,217.0,data/raw/usda_nass/crop_production_2024_summary.txt,"Corn Area Planted for All Purposes and Harvested for Grain, Yield, and Production","1,000 acres",bushels per acre,179.3,90594.0,3.97,434.66,878.31,1.0,319.64,1.2102621305075292,861.49,426.83,-16.819999999999936,0.4827894501564595,STATE_YIELD_WITH_NATIONAL_PRICE_AND_COST,AGGREGATE_ACREAGE_NOT_MODEL_OPTIMUM
Illinois,2024,soybeans,10800.0,64.0,data/raw/usda_nass/crop_production_2024_summary.txt,"Soybeans for Beans Area Planted and Harvested, Yield, and Production - States and","1,000 acres",bushels per acre,50.7,87050.0,9.92,243.56,650.83,1.0,302.04,1.26232741617357,634.88,391.32,-15.950000000000045,0.4827894501564595,STATE_YIELD_WITH_NATIONAL_PRICE_AND_COST,AGGREGATE_ACREAGE_NOT_MODEL_OPTIMUM
Illinois,2024,winter_wheat,770.0,86.0,data/raw/usda_nass/crop_production_2024_summary.txt,"Winter Wheat Area Planted and Harvested, Yield, and Production - States and","1,000 acres",bushels per acre,51.7,33390.0,5.54,154.12,390.97,1.0,128.42,1.6634429400386845,476.44,322.32,85.46999999999997,0.03442109968708091,STATE_YIELD_WITH_NATIONAL_PRICE_AND_COST,AGGREGATE_ACREAGE_NOT_MODEL_OPTIMUM
Indiana,2022,corn,5250.0,190.0,data/raw/usda_nass/crop_production_2024_summary.txt,"Corn Area Planted for All Purposes and Harvested for Grain, Yield, and Production","1,000 acres",bushels per acre,173.4,88162.0,6.48,519.11,927.86,1.071873,693.812519,1.0957324106113033,1319.6900376,763.2700445700001,325.1419558200001,0.46093064091308167,STATE_YIELD_WITH_NATIONAL_PRICE_AND_COST,AGGREGATE_ACREAGE_NOT_MODEL_OPTIMUM
Indiana,2022,soybeans,5850.0,57.5,data/raw/usda_nass/crop_production_2024_summary.txt,"Soybeans for Beans Area Planted and Harvested, Yield, and Production - States and","1,000 acres",bushels per acre,49.6,87450.0,13.49,267.83,628.28,1.071873,464.817622,1.159274193548387,831.4250892750001,544.3453436850001,157.98872083500012,0.5136084284460053,STATE_YIELD_WITH_NATIONAL_PRICE_AND_COST,AGGREGATE_ACREAGE_NOT_MODEL_OPTIMUM
Indiana,2022,winter_wheat,290.0,81.0,data/raw/usda_nass/crop_production_2024_summary.txt,"Winter Wheat Area Planted and Harvested, Yield, and Production - States and","1,000 acres",bushels per acre,47.0,33281.0,8.95,184.99,401.81,1.071873,185.444706,1.7234042553191489,777.05433135,578.76854508,346.36504121999997,0.025460930640913083,STATE_YIELD_WITH_NATIONAL_PRICE_AND_COST,AGGREGATE_ACREAGE_NOT_MODEL_OPTIMUM
Indiana,2023,corn,5450.0,203.0,data/raw/usda_nass/crop_production_2024_summary.txt,"Corn Area Planted for All Purposes and Harvested for Grain, Yield, and Production","1,000 acres",bushels per acre,177.3,94641.0,4.92,479.74,908.81,1.029495,448.221643,1.1449520586576423,1028.2184262,534.3284949,92.60307525000005,0.479964773227653,STATE_YIELD_WITH_NATIONAL_PRICE_AND_COST,AGGREGATE_ACREAGE_NOT_MODEL_OPTIMUM
Indiana,2023,soybeans,5500.0,61.0,data/raw/usda_nass/crop_production_2024_summary.txt,"Soybeans for Beans Area Planted and Harvested, Yield, and Production - States and","1,000 acres",bushels per acre,50.6,83600.0,12.75,268.23,662.52,1.029495,432.66597,1.2055335968379446,800.68973625,524.5482924,118.62870885000002,0.484368119771026,STATE_YIELD_WITH_NATIONAL_PRICE_AND_COST,AGGREGATE_ACREAGE_NOT_MODEL_OPTIMUM
Indiana,2023,winter_wheat,405.0,92.0,data/raw/usda_nass/crop_production_2024_summary.txt,"Winter Wheat Area Planted and Harvested, Yield, and Production - States and","1,000 acres",bushels per acre,50.6,36699.0,7.52,169.68,396.92,1.029495,142.729222,1.8181818181818181,712.2458207999999,537.5611091999999,303.61866539999994,0.035667107001321,STATE_YIELD_WITH_NATIONAL_PRICE_AND_COST,AGGREGATE_ACREAGE_NOT_MODEL_OPTIMUM
Indiana,2024,corn,5200.0,198.0,data/raw/usda_nass/crop_production_2024_summary.txt,"Corn Area Planted for All Purposes and Harvested for Grain, Yield, and Production","1,000 acres",bushels per acre,179.3,90594.0,3.97,434.66,878.31,1.0,319.64,1.1042944785276072,786.0600000000001,351.40000000000003,-92.24999999999989,0.45977011494252873,STATE_YIELD_WITH_NATIONAL_PRICE_AND_COST,AGGREGATE_ACREAGE_NOT_MODEL_OPTIMUM
Indiana,2024,soybeans,5800.0,59.0,data/raw/usda_nass/crop_production_2024_summary.txt,"Soybeans for Beans Area Planted and Harvested, Yield, and Production - States and","1,000 acres",bushels per acre,50.7,87050.0,9.92,243.56,650.83,1.0,302.04,1.1637080867850098,585.28,341.71999999999997,-65.55000000000007,0.5128205128205128,STATE_YIELD_WITH_NATIONAL_PRICE_AND_COST,AGGREGATE_ACREAGE_NOT_MODEL_OPTIMUM
Indiana,2024,winter_wheat,310.0,89.0,data/raw/usda_nass/crop_production_2024_summary.txt,"Winter Wheat Area Planted and Harvested, Yield, and Production - States and","1,000 acres",bushels per acre,51.7,33390.0,5.54,154.12,390.97,1.0,128.42,1.7214700193423598,493.06,338.94,102.08999999999997,0.027409372236958444,STATE_YIELD_WITH_NATIONAL_PRICE_AND_COST,AGGREGATE_ACREAGE_NOT_MODEL_OPTIMUM
Kansas,2022,corn,5500.0,115.0,data/raw/usda_nass/crop_production_2024_summary.txt,"Corn Area Planted for All Purposes and Harvested for Grain, Yield, and Production","1,000 acres",bushels per acre,173.4,88162.0,6.48,519.11,927.86,1.071873,693.812519,0.6632064590542099,798.7597596,242.33976657000005,-195.78832217999997,0.3081232492997199,STATE_YIELD_WITH_NATIONAL_PRICE_AND_COST,AGGREGATE_ACREAGE_NOT_MODEL_OPTIMUM
Kansas,2022,soybeans,5050.0,27.5,data/raw/usda_nass/crop_production_2024_summary.txt,"Soybeans for Beans Area Planted and Harvested, Yield, and Production - States and","1,000 acres",bushels per acre,49.6,87450.0,13.49,267.83,628.28,1.071873,464.817622,0.5544354838709677,397.63808617500007,110.55834058500005,-275.79828226499995,0.28291316526610644,STATE_YIELD_WITH_NATIONAL_PRICE_AND_COST,AGGREGATE_ACREAGE_NOT_MODEL_OPTIMUM
Kansas,2022,winter_wheat,7300.0,37.0,data/raw/usda_nass/crop_production_2024_summary.txt,"Winter Wheat Area Planted and Harvested, Yield, and Production - States and","1,000 acres",bushels per acre,47.0,33281.0,8.95,184.99,401.81,1.071873,185.444706,0.7872340425531915,354.95074395,156.66495768,-75.73854618000003,0.40896358543417366,STATE_YIELD_WITH_NATIONAL_PRICE_AND_COST,AGGREGATE_ACREAGE_NOT_MODEL_OPTIMUM
Kansas,2023,corn,5750.0,119.0,data/raw/usda_nass/crop_production_2024_summary.txt,"Corn Area Planted for All Purposes and Harvested for Grain, Yield, and Production","1,000 acres",bushels per acre,177.3,94641.0,4.92,479.74,908.81,1.029495,448.221643,0.6711787930062041,602.7487326,108.85880130000001,-332.86661834999995,0.31455142231947486,STATE_YIELD_WITH_NATIONAL_PRICE_AND_COST,AGGREGATE_ACREAGE_NOT_MODEL_OPTIMUM
Kansas,2023,soybeans,4430.0,26.0,data/raw/usda_nass/crop_production_2024_summary.txt,"Soybeans for Beans Area Planted and Harvested, Yield, and Production - States and","1,000 acres",bushels per acre,50.6,83600.0,12.75,268.23,662.52,1.029495,432.66597,0.5138339920948617,341.2775925,65.13614864999998,-340.7834349,0.24234135667396062,STATE_YIELD_WITH_NATIONAL_PRICE_AND_COST,AGGREGATE_ACREAGE_NOT_MODEL_OPTIMUM
Kansas,2023,winter_wheat,8100.0,35.0,data/raw/usda_nass/crop_production_2024_summary.txt,"Winter Wheat Area Planted and Harvested, Yield, and Production - States and","1,000 acres",bushels per acre,50.6,36699.0,7.52,169.68,396.92,1.029495,142.729222,0.691699604743083,270.963084,96.27837239999998,-137.66407140000004,0.4431072210065646,STATE_YIELD_WITH_NATIONAL_PRICE_AND_COST,AGGREGATE_ACREAGE_NOT_MODEL_OPTIMUM
Kansas,2024,corn,6300.0,129.0,data/raw/usda_nass/crop_production_2024_summary.txt,"Corn Area Planted for All Purposes and Harvested for Grain, Yield, and Production","1,000 acres",bushels per acre,179.3,90594.0,3.97,434.66,878.31,1.0,319.64,0.7194645844952593,512.13,77.46999999999997,-366.17999999999995,0.34183396635919694,STATE_YIELD_WITH_NATIONAL_PRICE_AND_COST,AGGREGATE_ACREAGE_NOT_MODEL_OPTIMUM
Kansas,2024,soybeans,4530.0,35.0,data/raw/usda_nass/crop_production_2024_summary.txt,"Soybeans for Beans Area Planted and Harvested, Yield, and Production - States and","1,000 acres",bushels per acre,50.7,87050.0,9.92,243.56,650.83,1.0,302.04,0.6903353057199211,347.2,103.63999999999999,-303.63000000000005,0.24579489962018447,STATE_YIELD_WITH_NATIONAL_PRICE_AND_COST,AGGREGATE_ACREAGE_NOT_MODEL_OPTIMUM
Kansas,2024,winter_wheat,7600.0,43.0,data/raw/usda_nass/crop_production_2024_summary.txt,"Winter Wheat Area Planted and Harvested, Yield, and Production - States and","1,000 acres",bushels per acre,51.7,33390.0,5.54,154.12,390.97,1.0,128.42,0.8317214700193423,238.22,84.1,-152.75000000000003,0.41237113402061853,STATE_YIELD_WITH_NATIONAL_PRICE_AND_COST,AGGREGATE_ACREAGE_NOT_MODEL_OPTIMUM
Kentucky,2022,corn,1420.0,156.0,data/raw/usda_nass/crop_production_2024_summary.txt,"Corn Area Planted for All Purposes and Harvested for Grain, Yield, and Production","1,000 acres",bushels per acre,173.4,88162.0,6.48,519.11,927.86,1.071873,693.812519,0.8996539792387543,1083.53497824,527.1149852100001,88.98689646000011,0.3641025641025641,STATE_YIELD_WITH_NATIONAL_PRICE_AND_COST,AGGREGATE_ACREAGE_NOT_MODEL_OPTIMUM
Kentucky,2022,soybeans,1950.0,51.0,data/raw/usda_nass/crop_production_2024_summary.txt,"Soybeans for Beans Area Planted and Harvested, Yield, and Production - States and","1,000 acres",bushels per acre,49.6,87450.0,13.49,267.83,628.28,1.071873,464.817622,1.0282258064516128,737.4379052700001,450.3581596800001,64.00153683000005,0.5,STATE_YIELD_WITH_NATIONAL_PRICE_AND_COST,AGGREGATE_ACREAGE_NOT_MODEL_OPTIMUM
Kentucky,2022,winter_wheat,530.0,80.0,data/raw/usda_nass/crop_production_2024_summary.txt,"Winter Wheat Area Planted and Harvested, Yield, and Production - States and","1,000 acres",bushels per acre,47.0,33281.0,8.95,184.99,401.81,1.071873,185.444706,1.702127659574468,767.4610680000001,569.17528173,336.77177787,0.1358974358974359,STATE_YIELD_WITH_NATIONAL_PRICE_AND_COST,AGGREGATE_ACREAGE_NOT_MODEL_OPTIMUM
Kentucky,2023,corn,1600.0,187.0,data/raw/usda_nass/crop_production_2024_summary.txt,"Corn Area Planted for All Purposes and Harvested for Grain, Yield, and Production","1,000 acres",bushels per acre,177.3,94641.0,4.92,479.74,908.81,1.029495,448.221643,1.0547095318668922,947.1765798,453.28664849999996,11.561228850000019,0.39603960396039606,STATE_YIELD_WITH_NATIONAL_PRICE_AND_COST,AGGREGATE_ACREAGE_NOT_MODEL_OPTIMUM
Kentucky,2023,soybeans,1830.0,55.0,data/raw/usda_nass/crop_production_2024_summary.txt,"Soybeans for Beans Area Planted and Harvested, Yield, and Production - States and","1,000 acres",bushels per acre,50.6,83600.0,12.75,268.23,662.52,1.029495,432.66597,1.0869565217391304,721.93336875,445.7919249,39.87234135000002,0.452970297029703,STATE_YIELD_WITH_NATIONAL_PRICE_AND_COST,AGGREGATE_ACREAGE_NOT_MODEL_OPTIMUM
Kentucky,2023,winter_wheat,610.0,88.0,data/raw/usda_nass/crop_production_2024_summary.txt,"Winter Wheat Area Planted and Harvested, Yield, and Production - States and","1,000 acres",bushels per acre,50.6,36699.0,7.52,169.68,396.92,1.029495,142.729222,1.7391304347826086,681.2786112,506.5938996,272.6514558,0.15099009900990099,STATE_YIELD_WITH_NATIONAL_PRICE_AND_COST,AGGREGATE_ACREAGE_NOT_MODEL_OPTIMUM
Kentucky,2024,corn,1370.0,178.0,data/raw/usda_nass/crop_production_2024_summary.txt,"Corn Area Planted for All Purposes and Harvested for Grain, Yield, and Production","1,000 acres",bushels per acre,179.3,90594.0,3.97,434.66,878.31,1.0,319.64,0.9927495817066369,706.6600000000001,272.00000000000006,-171.64999999999986,0.3442211055276382,STATE_YIELD_WITH_NATIONAL_PRICE_AND_COST,AGGREGATE_ACREAGE_NOT_MODEL_OPTIMUM
Kentucky,2024,soybeans,2050.0,48.0,data/raw/usda_nass/crop_production_2024_summary.txt,"Soybeans for Beans Area Planted and Harvested, Yield, and Production - States and","1,000 acres",bushels per acre,50.7,87050.0,9.92,243.56,650.83,1.0,302.04,0.9467455621301775,476.15999999999997,232.59999999999997,-174.67000000000007,0.5150753768844221,STATE_YIELD_WITH_NATIONAL_PRICE_AND_COST,AGGREGATE_ACREAGE_NOT_MODEL_OPTIMUM
Kentucky,2024,winter_wheat,560.0,75.0,data/raw/usda_nass/crop_production_2024_summary.txt,"Winter Wheat Area Planted and Harvested, Yield, and Production - States and","1,000 acres",bushels per acre,51.7,33390.0,5.54,154.12,390.97,1.0,128.42,1.4506769825918762,415.5,261.38,24.529999999999973,0.1407035175879397,STATE_YIELD_WITH_NATIONAL_PRICE_AND_COST,AGGREGATE_ACREAGE_NOT_MODEL_OPTIMUM
Maryland,2022,corn,420.0,165.0,data/raw/usda_nass/crop_production_2024_summary.txt,"Corn Area Planted for All Purposes and Harvested for Grain, Yield, and Production","1,000 acres",bushels per acre,173.4,88162.0,6.48,519.11,927.86,1.071873,693.812519,0.9515570934256055,1146.0466116000002,589.6266185700001,151.49852982000004,0.32432432432432434,STATE_YIELD_WITH_NATIONAL_PRICE_AND_COST,AGGREGATE_ACREAGE_NOT_MODEL_OPTIMUM
Maryland,2022,soybeans,520.0,43.0,data/raw/usda_nass/crop_production_2024_summary.txt,"Soybeans for Beans Area Planted and Harvested, Yield, and Production - States and","1,000 acres",bushels per acre,49.6,87450.0,13.49,267.83,628.28,1.071873,464.817622,0.8669354838709677,621.7613711100001,334.68162552000007,-51.67499732999992,0.4015444015444015,STATE_YIELD_WITH_NATIONAL_PRICE_AND_COST,AGGREGATE_ACREAGE_NOT_MODEL_OPTIMUM
Maryland,2022,winter_wheat,355.0,78.0,data/raw/usda_nass/crop_production_2024_summary.txt,"Winter Wheat Area Planted and Harvested, Yield, and Production - States and","1,000 acres",bushels per acre,47.0,33281.0,8.95,184.99,401.81,1.071873,185.444706,1.6595744680851063,748.2745413,549.9887550299999,317.58525116999994,0.27413127413127414,STATE_YIELD_WITH_NATIONAL_PRICE_AND_COST,AGGREGATE_ACREAGE_NOT_MODEL_OPTIMUM
Maryland,2023,corn,480.0,165.0,data/raw/usda_nass/crop_production_2024_summary.txt,"Corn Area Planted for All Purposes and Harvested for Grain, Yield, and Production","1,000 acres",bushels per acre,177.3,94641.0,4.92,479.74,908.81,1.029495,448.221643,0.9306260575296108,835.744041,341.8541097,-99.87130995,0.37209302325581395,STATE_YIELD_WITH_NATIONAL_PRICE_AND_COST,AGGREGATE_ACREAGE_NOT_MODEL_OPTIMUM
Maryland,2023,soybeans,470.0,47.0,data/raw/usda_nass/crop_production_2024_summary.txt,"Soybeans for Beans Area Planted and Harvested, Yield, and Production - States and","1,000 acres",bushels per acre,50.6,83600.0,12.75,268.23,662.52,1.029495,432.66597,0.9288537549407114,616.9248787500001,340.7834349,-65.13614864999998,0.3643410852713178,STATE_YIELD_WITH_NATIONAL_PRICE_AND_COST,AGGREGATE_ACREAGE_NOT_MODEL_OPTIMUM
Maryland,2023,winter_wheat,340.0,85.0,data/raw/usda_nass/crop_production_2024_summary.txt,"Winter Wheat Area Planted and Harvested, Yield, and Production - States and","1,000 acres",bushels per acre,50.6,36699.0,7.52,169.68,396.92,1.029495,142.729222,1.6798418972332014,658.0532039999999,483.3684923999999,249.42604859999992,0.26356589147286824,STATE_YIELD_WITH_NATIONAL_PRICE_AND_COST,AGGREGATE_ACREAGE_NOT_MODEL_OPTIMUM
Maryland,2024,corn,440.0,143.0,data/raw/usda_nass/crop_production_2024_summary.txt,"Corn Area Planted for All Purposes and Harvested for Grain, Yield, and Production","1,000 acres",bushels per acre,179.3,90594.0,3.97,434.66,878.31,1.0,319.64,0.7975460122699386,567.71,133.05,-310.5999999999999,0.3492063492063492,STATE_YIELD_WITH_NATIONAL_PRICE_AND_COST,AGGREGATE_ACREAGE_NOT_MODEL_OPTIMUM
Maryland,2024,soybeans,495.0,44.0,data/raw/usda_nass/crop_production_2024_summary.txt,"Soybeans for Beans Area Planted and Harvested, Yield, and Production - States and","1,000 acres",bushels per acre,50.7,87050.0,9.92,243.56,650.83,1.0,302.04,0.8678500986193294,436.48,192.92000000000002,-214.35000000000002,0.39285714285714285,STATE_YIELD_WITH_NATIONAL_PRICE_AND_COST,AGGREGATE_ACREAGE_NOT_MODEL_OPTIMUM
Maryland,2024,winter_wheat,325.0,75.0,data/raw/usda_nass/crop_production_2024_summary.txt,"Winter Wheat Area Planted and Harvested, Yield, and Production - States and","1,000 acres",bushels per acre,51.7,33390.0,5.54,154.12,390.97,1.0,128.42,1.4506769825918762,415.5,261.38,24.529999999999973,0.25793650793650796,STATE_YIELD_WITH_NATIONAL_PRICE_AND_COST,AGGREGATE_ACREAGE_NOT_MODEL_OPTIMUM
Michigan,2022,corn,2300.0,168.0,data/raw/usda_nass/crop_production_2024_summary.txt,"Corn Area Planted for All Purposes and Harvested for Grain, Yield, and Production","1,000 acres",bushels per acre,173.4,88162.0,6.48,519.11,927.86,1.071873,693.812519,0.9688581314878892,1166.8838227200001,610.4638296900001,172.3357409400001,0.4590818363273453,STATE_YIELD_WITH_NATIONAL_PRICE_AND_COST,AGGREGATE_ACREAGE_NOT_MODEL_OPTIMUM
Michigan,2022,soybeans,2250.0,47.0,data/raw/usda_nass/crop_production_2024_summary.txt,"Soybeans for Beans Area Planted and Harvested, Yield, and Production - States and","1,000 acres",bushels per acre,49.6,87450.0,13.49,267.83,628.28,1.071873,464.817622,0.9475806451612903,679.5996381900001,392.5198926,6.16326975,0.4491017964071856,STATE_YIELD_WITH_NATIONAL_PRICE_AND_COST,AGGREGATE_ACREAGE_NOT_MODEL_OPTIMUM
Michigan,2022,winter_wheat,460.0,83.0,data/raw/usda_nass/crop_production_2024_summary.txt,"Winter Wheat Area Planted and Harvested, Yield, and Production - States and","1,000 acres",bushels per acre,47.0,33281.0,8.95,184.99,401.81,1.071873,185.444706,1.7659574468085106,796.2408580499999,597.9550717799999,365.5515679199999,0.09181636726546906,STATE_YIELD_WITH_NATIONAL_PRICE_AND_COST,AGGREGATE_ACREAGE_NOT_MODEL_OPTIMUM
Michigan,2023,corn,2400.0,168.0,data/raw/usda_nass/crop_production_2024_summary.txt,"Corn Area Planted for All Purposes and Harvested for Grain, Yield, and Production","1,000 acres",bushels per acre,177.3,94641.0,4.92,479.74,908.81,1.029495,448.221643,0.9475465313028765,850.9393871999999,357.04945589999994,-84.67596375000001,0.47619047619047616,STATE_YIELD_WITH_NATIONAL_PRICE_AND_COST,AGGREGATE_ACREAGE_NOT_MODEL_OPTIMUM
Michigan,2023,soybeans,2040.0,46.0,data/raw/usda_nass/crop_production_2024_summary.txt,"Soybeans for Beans Area Planted and Harvested, Yield, and Production - States and","1,000 acres",bushels per acre,50.6,83600.0,12.75,268.23,662.52,1.029495,432.66597,0.9090909090909091,603.7988175,327.65737365,-78.26220989999999,0.40476190476190477,STATE_YIELD_WITH_NATIONAL_PRICE_AND_COST,AGGREGATE_ACREAGE_NOT_MODEL_OPTIMUM
Michigan,2023,winter_wheat,600.0,83.0,data/raw/usda_nass/crop_production_2024_summary.txt,"Winter Wheat Area Planted and Harvested, Yield, and Production - States and","1,000 acres",bushels per acre,50.6,36699.0,7.52,169.68,396.92,1.029495,142.729222,1.6403162055335967,642.5695992,467.88488759999996,233.94244379999995,0.11904761904761904,STATE_YIELD_WITH_NATIONAL_PRICE_AND_COST,AGGREGATE_ACREAGE_NOT_MODEL_OPTIMUM
Michigan,2024,corn,2250.0,181.0,data/raw/usda_nass/crop_production_2024_summary.txt,"Corn Area Planted for All Purposes and Harvested for Grain, Yield, and Production","1,000 acres",bushels per acre,179.3,90594.0,3.97,434.66,878.31,1.0,319.64,1.0094813162297824,718.57,283.91,-159.7399999999999,0.4639175257731959,STATE_YIELD_WITH_NATIONAL_PRICE_AND_COST,AGGREGATE_ACREAGE_NOT_MODEL_OPTIMUM
Michigan,2024,soybeans,2200.0,49.0,data/raw/usda_nass/crop_production_2024_summary.txt,"Soybeans for Beans Area Planted and Harvested, Yield, and Production - States and","1,000 acres",bushels per acre,50.7,87050.0,9.92,243.56,650.83,1.0,302.04,0.9664694280078895,486.08,242.51999999999998,-164.75000000000006,0.4536082474226804,STATE_YIELD_WITH_NATIONAL_PRICE_AND_COST,AGGREGATE_ACREAGE_NOT_MODEL_OPTIMUM
Michigan,2024,winter_wheat,400.0,87.0,data/raw/usda_nass/crop_production_2024_summary.txt,"Winter Wheat Area Planted and Harvested, Yield, and Production - States and","1,000 acres",bushels per acre,51.7,33390.0,5.54,154.12,390.97,1.0,128.42,1.6827852998065762,481.98,327.86,91.00999999999999,0.08247422680412371,STATE_YIELD_WITH_NATIONAL_PRICE_AND_COST,AGGREGATE_ACREAGE_NOT_MODEL_OPTIMUM
Mississippi,2022,corn,580.0,165.0,data/raw/usda_nass/crop_production_2024_summary.txt,"Corn Area Planted for All Purposes and Harvested for Grain, Yield, and Production","1,000 acres",bushels per acre,173.4,88162.0,6.48,519.11,927.86,1.071873,693.812519,0.9515570934256055,1146.0466116000002,589.6266185700001,151.49852982000004,0.1939799331103679,STATE_YIELD_WITH_NATIONAL_PRICE_AND_COST,AGGREGATE_ACREAGE_NOT_MODEL_OPTIMUM
Mississippi,2022,soybeans,2310.0,54.0,data/raw/usda_nass/crop_production_2024_summary.txt,"Soybeans for Beans Area Planted and Harvested, Yield, and Production - States and","1,000 acres",bushels per acre,49.6,87450.0,13.49,267.83,628.28,1.071873,464.817622,1.0887096774193548,780.8166055800001,493.7368599900001,107.38023714000008,0.7725752508361204,STATE_YIELD_WITH_NATIONAL_PRICE_AND_COST,AGGREGATE_ACREAGE_NOT_MODEL_OPTIMUM
Mississippi,2022,winter_wheat,100.0,52.0,data/raw/usda_nass/crop_production_2024_summary.txt,"Winter Wheat Area Planted and Harvested, Yield, and Production - States and","1,000 acres",bushels per acre,47.0,33281.0,8.95,184.99,401.81,1.071873,185.444706,1.1063829787234043,498.8496942,300.56390792999997,68.16040406999998,0.033444816053511704,STATE_YIELD_WITH_NATIONAL_PRICE_AND_COST,AGGREGATE_ACREAGE_NOT_MODEL_OPTIMUM
Mississippi,2023,corn,790.0,181.0,data/raw/usda_nass/crop_production_2024_summary.txt,"Corn Area Planted for All Purposes and Harvested for Grain, Yield, and Production","1,000 acres",bushels per acre,177.3,94641.0,4.92,479.74,908.81,1.029495,448.221643,1.0208685843203609,916.7858874,422.8959561,-18.829463549999964,0.255663430420712,STATE_YIELD_WITH_NATIONAL_PRICE_AND_COST,AGGREGATE_ACREAGE_NOT_MODEL_OPTIMUM
Mississippi,2023,soybeans,2180.0,56.0,data/raw/usda_nass/crop_production_2024_summary.txt,"Soybeans for Beans Area Planted and Harvested, Yield, and Production - States and","1,000 acres",bushels per acre,50.6,83600.0,12.75,268.23,662.52,1.029495,432.66597,1.1067193675889329,735.05943,458.91798615,52.99840260000002,0.7055016181229773,STATE_YIELD_WITH_NATIONAL_PRICE_AND_COST,AGGREGATE_ACREAGE_NOT_MODEL_OPTIMUM
Mississippi,2023,winter_wheat,120.0,52.0,data/raw/usda_nass/crop_production_2024_summary.txt,"Winter Wheat Area Planted and Harvested, Yield, and Production - States and","1,000 acres",bushels per acre,50.6,36699.0,7.52,169.68,396.92,1.029495,142.729222,1.0276679841897234,402.5737248,227.88901319999997,-6.053430600000054,0.038834951456310676,STATE_YIELD_WITH_NATIONAL_PRICE_AND_COST,AGGREGATE_ACREAGE_NOT_MODEL_OPTIMUM
Mississippi,2024,corn,490.0,186.0,data/raw/usda_nass/crop_production_2024_summary.txt,"Corn Area Planted for All Purposes and Harvested for Grain, Yield, and Production","1,000 acres",bushels per acre,179.3,90594.0,3.97,434.66,878.31,1.0,319.64,1.037367540435025,738.4200000000001,303.76000000000005,-139.88999999999987,0.17192982456140352,STATE_YIELD_WITH_NATIONAL_PRICE_AND_COST,AGGREGATE_ACREAGE_NOT_MODEL_OPTIMUM
Mississippi,2024,soybeans,2300.0,56.0,data/raw/usda_nass/crop_production_2024_summary.txt,"Soybeans for Beans Area Planted and Harvested, Yield, and Production - States and","1,000 acres",bushels per acre,50.7,87050.0,9.92,243.56,650.83,1.0,302.04,1.1045364891518736,555.52,311.96,-95.31000000000006,0.8070175438596491,STATE_YIELD_WITH_NATIONAL_PRICE_AND_COST,AGGREGATE_ACREAGE_NOT_MODEL_OPTIMUM
Mississippi,2024,winter_wheat,60.0,50.0,data/raw/usda_nass/crop_production_2024_summary.txt,"Winter Wheat Area Planted and Harvested, Yield, and Production - States and","1,000 acres",bushels per acre,51.7,33390.0,5.54,154.12,390.97,1.0,128.42,0.9671179883945841,277.0,122.88,-113.97000000000003,0.021052631578947368,STATE_YIELD_WITH_NATIONAL_PRICE_AND_COST,AGGREGATE_ACREAGE_NOT_MODEL_OPTIMUM
Missouri,2022,corn,3350.0,161.0,data/raw/usda_nass/crop_production_2024_summary.txt,"Corn Area Planted for All Purposes and Harvested for Grain, Yield, and Production","1,000 acres",bushels per acre,173.4,88162.0,6.48,519.11,927.86,1.071873,693.812519,0.9284890426758938,1118.26366344,561.84367041,123.71558165999997,0.3323412698412698,STATE_YIELD_WITH_NATIONAL_PRICE_AND_COST,AGGREGATE_ACREAGE_NOT_MODEL_OPTIMUM
Missouri,2022,soybeans,6100.0,45.5,data/raw/usda_nass/crop_production_2024_summary.txt,"Soybeans for Beans Area Planted and Harvested, Yield, and Production - States and","1,000 acres",bushels per acre,49.6,87450.0,13.49,267.83,628.28,1.071873,464.817622,0.9173387096774194,657.910288035,370.830542445,-15.526080405000016,0.6051587301587301,STATE_YIELD_WITH_NATIONAL_PRICE_AND_COST,AGGREGATE_ACREAGE_NOT_MODEL_OPTIMUM
Missouri,2022,winter_wheat,630.0,60.0,data/raw/usda_nass/crop_production_2024_summary.txt,"Winter Wheat Area Planted and Harvested, Yield, and Production - States and","1,000 acres",bushels per acre,47.0,33281.0,8.95,184.99,401.81,1.071873,185.444706,1.2765957446808511,575.595801,377.31001473000003,144.90651087,0.0625,STATE_YIELD_WITH_NATIONAL_PRICE_AND_COST,AGGREGATE_ACREAGE_NOT_MODEL_OPTIMUM
Missouri,2023,corn,3850.0,153.0,data/raw/usda_nass/crop_production_2024_summary.txt,"Corn Area Planted for All Purposes and Harvested for Grain, Yield, and Production","1,000 acres",bushels per acre,177.3,94641.0,4.92,479.74,908.81,1.029495,448.221643,0.8629441624365481,774.9626562000001,281.07272489999997,-160.65269474999997,0.3763440860215054,STATE_YIELD_WITH_NATIONAL_PRICE_AND_COST,AGGREGATE_ACREAGE_NOT_MODEL_OPTIMUM
Missouri,2023,soybeans,5600.0,48.0,data/raw/usda_nass/crop_production_2024_summary.txt,"Soybeans for Beans Area Planted and Harvested, Yield, and Production - States and","1,000 acres",bushels per acre,50.6,83600.0,12.75,268.23,662.52,1.029495,432.66597,0.9486166007905138,630.0509400000001,353.90949615,-52.01008739999998,0.5474095796676441,STATE_YIELD_WITH_NATIONAL_PRICE_AND_COST,AGGREGATE_ACREAGE_NOT_MODEL_OPTIMUM
Missouri,2023,winter_wheat,780.0,70.0,data/raw/usda_nass/crop_production_2024_summary.txt,"Winter Wheat Area Planted and Harvested, Yield, and Production - States and","1,000 acres",bushels per acre,50.6,36699.0,7.52,169.68,396.92,1.029495,142.729222,1.383399209486166,541.926168,367.2414564,133.29901259999997,0.07624633431085044,STATE_YIELD_WITH_NATIONAL_PRICE_AND_COST,AGGREGATE_ACREAGE_NOT_MODEL_OPTIMUM
Missouri,2024,corn,3450.0,183.0,data/raw/usda_nass/crop_production_2024_summary.txt,"Corn Area Planted for All Purposes and Harvested for Grain, Yield, and Production","1,000 acres",bushels per acre,179.3,90594.0,3.97,434.66,878.31,1.0,319.64,1.0206358059118794,726.51,291.84999999999997,-151.79999999999995,0.344311377245509,STATE_YIELD_WITH_NATIONAL_PRICE_AND_COST,AGGREGATE_ACREAGE_NOT_MODEL_OPTIMUM
Missouri,2024,soybeans,5900.0,49.0,data/raw/usda_nass/crop_production_2024_summary.txt,"Soybeans for Beans Area Planted and Harvested, Yield, and Production - States and","1,000 acres",bushels per acre,50.7,87050.0,9.92,243.56,650.83,1.0,302.04,0.9664694280078895,486.08,242.51999999999998,-164.75000000000006,0.5888223552894212,STATE_YIELD_WITH_NATIONAL_PRICE_AND_COST,AGGREGATE_ACREAGE_NOT_MODEL_OPTIMUM
Missouri,2024,winter_wheat,670.0,75.0,data/raw/usda_nass/crop_production_2024_summary.txt,"Winter Wheat Area Planted and Harvested, Yield, and Production - States and","1,000 acres",bushels per acre,51.7,33390.0,5.54,154.12,390.97,1.0,128.42,1.4506769825918762,415.5,261.38,24.529999999999973,0.06686626746506986,STATE_YIELD_WITH_NATIONAL_PRICE_AND_COST,AGGREGATE_ACREAGE_NOT_MODEL_OPTIMUM
Nebraska,2022,corn,9600.0,165.0,data/raw/usda_nass/crop_production_2024_summary.txt,"Corn Area Planted for All Purposes and Harvested for Grain, Yield, and Production","1,000 acres",bushels per acre,173.4,88162.0,6.48,519.11,927.86,1.071873,693.812519,0.9515570934256055,1146.0466116000002,589.6266185700001,151.49852982000004,0.5878750765462339,STATE_YIELD_WITH_NATIONAL_PRICE_AND_COST,AGGREGATE_ACREAGE_NOT_MODEL_OPTIMUM
Nebraska,2022,soybeans,5750.0,49.0,data/raw/usda_nass/crop_production_2024_summary.txt,"Soybeans for Beans Area Planted and Harvested, Yield, and Production - States and","1,000 acres",bushels per acre,49.6,87450.0,13.49,267.83,628.28,1.071873,464.817622,0.9879032258064516,708.51877173,421.43902614,35.08240329000002,0.352112676056338,STATE_YIELD_WITH_NATIONAL_PRICE_AND_COST,AGGREGATE_ACREAGE_NOT_MODEL_OPTIMUM
Nebraska,2022,winter_wheat,980.0,32.0,data/raw/usda_nass/crop_production_2024_summary.txt,"Winter Wheat Area Planted and Harvested, Yield, and Production - States and","1,000 acres",bushels per acre,47.0,33281.0,8.95,184.99,401.81,1.071873,185.444706,0.6808510638297872,306.98442719999997,108.69864092999997,-123.70486293000003,0.06001224739742805,STATE_YIELD_WITH_NATIONAL_PRICE_AND_COST,AGGREGATE_ACREAGE_NOT_MODEL_OPTIMUM
Nebraska,2023,corn,9950.0,182.0,data/raw/usda_nass/crop_production_2024_summary.txt,"Corn Area Planted for All Purposes and Harvested for Grain, Yield, and Production","1,000 acres",bushels per acre,177.3,94641.0,4.92,479.74,908.81,1.029495,448.221643,1.0265087422447827,921.8510028,427.96107149999995,-13.764348150000005,0.6093080220453154,STATE_YIELD_WITH_NATIONAL_PRICE_AND_COST,AGGREGATE_ACREAGE_NOT_MODEL_OPTIMUM
Nebraska,2023,soybeans,5250.0,51.5,data/raw/usda_nass/crop_production_2024_summary.txt,"Soybeans for Beans Area Planted and Harvested, Yield, and Production - States and","1,000 acres",bushels per acre,50.6,83600.0,12.75,268.23,662.52,1.029495,432.66597,1.017786561264822,675.992154375,399.850710525,-6.068873024999982,0.3214941824862217,STATE_YIELD_WITH_NATIONAL_PRICE_AND_COST,AGGREGATE_ACREAGE_NOT_MODEL_OPTIMUM
Nebraska,2023,winter_wheat,1130.0,42.0,data/raw/usda_nass/crop_production_2024_summary.txt,"Winter Wheat Area Planted and Harvested, Yield, and Production - States and","1,000 acres",bushels per acre,50.6,36699.0,7.52,169.68,396.92,1.029495,142.729222,0.8300395256916996,325.1557008,150.47098919999996,-83.47145460000004,0.06919779546846296,STATE_YIELD_WITH_NATIONAL_PRICE_AND_COST,AGGREGATE_ACREAGE_NOT_MODEL_OPTIMUM
Nebraska,2024,corn,10050.0,188.0,data/raw/usda_nass/crop_production_2024_summary.txt,"Corn Area Planted for All Purposes and Harvested for Grain, Yield, and Production","1,000 acres",bushels per acre,179.3,90594.0,3.97,434.66,878.31,1.0,319.64,1.048522030117122,746.36,311.7,-131.94999999999993,0.6146788990825688,STATE_YIELD_WITH_NATIONAL_PRICE_AND_COST,AGGREGATE_ACREAGE_NOT_MODEL_OPTIMUM
Nebraska,2024,soybeans,5300.0,57.5,data/raw/usda_nass/crop_production_2024_summary.txt,"Soybeans for Beans Area Planted and Harvested, Yield, and Production - States and","1,000 acres",bushels per acre,50.7,87050.0,9.92,243.56,650.83,1.0,302.04,1.1341222879684418,570.4,326.84,-80.43000000000006,0.3241590214067278,STATE_YIELD_WITH_NATIONAL_PRICE_AND_COST,AGGREGATE_ACREAGE_NOT_MODEL_OPTIMUM
Nebraska,2024,winter_wheat,1000.0,52.0,data/raw/usda_nass/crop_production_2024_summary.txt,"Winter Wheat Area Planted and Harvested, Yield, and Production - States and","1,000 acres",bushels per acre,51.7,33390.0,5.54,154.12,390.97,1.0,128.42,1.0058027079303675,288.08,133.95999999999998,-102.89000000000004,0.06116207951070336,STATE_YIELD_WITH_NATIONAL_PRICE_AND_COST,AGGREGATE_ACREAGE_NOT_MODEL_OPTIMUM
New Jersey,2022,corn,68.0,114.0,data/raw/usda_nass/crop_production_2024_summary.txt,"Corn Area Planted for All Purposes and Harvested for Grain, Yield, and Production","1,000 acres",bushels per acre,173.4,88162.0,6.48,519.11,927.86,1.071873,693.812519,0.657439446366782,791.8140225600001,235.39402953000004,-202.73405922,0.3333333333333333,STATE_YIELD_WITH_NATIONAL_PRICE_AND_COST,AGGREGATE_ACREAGE_NOT_MODEL_OPTIMUM
New Jersey,2022,soybeans,110.0,28.0,data/raw/usda_nass/crop_production_2024_summary.txt,"Soybeans for Beans Area Planted and Harvested, Yield, and Production - States and","1,000 acres",bushels per acre,49.6,87450.0,13.49,267.83,628.28,1.071873,464.817622,0.564516129032258,404.86786956000003,117.78812397000006,-268.56849887999994,0.5392156862745098,STATE_YIELD_WITH_NATIONAL_PRICE_AND_COST,AGGREGATE_ACREAGE_NOT_MODEL_OPTIMUM
New Jersey,2022,winter_wheat,26.0,70.0,data/raw/usda_nass/crop_production_2024_summary.txt,"Winter Wheat Area Planted and Harvested, Yield, and Production - States and","1,000 acres",bushels per acre,47.0,33281.0,8.95,184.99,401.81,1.071873,185.444706,1.4893617021276595,671.5284345,473.24264823000004,240.83914437,0.12745098039215685,STATE_YIELD_WITH_NATIONAL_PRICE_AND_COST,AGGREGATE_ACREAGE_NOT_MODEL_OPTIMUM
New Jersey,2023,corn,74.0,168.0,data/raw/usda_nass/crop_production_2024_summary.txt,"Corn Area Planted for All Purposes and Harvested for Grain, Yield, and Production","1,000 acres",bushels per acre,177.3,94641.0,4.92,479.74,908.81,1.029495,448.221643,0.9475465313028765,850.9393871999999,357.04945589999994,-84.67596375000001,0.3557692307692308,STATE_YIELD_WITH_NATIONAL_PRICE_AND_COST,AGGREGATE_ACREAGE_NOT_MODEL_OPTIMUM
New Jersey,2023,soybeans,100.0,43.0,data/raw/usda_nass/crop_production_2024_summary.txt,"Soybeans for Beans Area Planted and Harvested, Yield, and Production - States and","1,000 acres",bushels per acre,50.6,83600.0,12.75,268.23,662.52,1.029495,432.66597,0.849802371541502,564.42063375,288.2791899,-117.64039365,0.4807692307692308,STATE_YIELD_WITH_NATIONAL_PRICE_AND_COST,AGGREGATE_ACREAGE_NOT_MODEL_OPTIMUM
New Jersey,2023,winter_wheat,34.0,82.0,data/raw/usda_nass/crop_production_2024_summary.txt,"Winter Wheat Area Planted and Harvested, Yield, and Production - States and","1,000 acres",bushels per acre,50.6,36699.0,7.52,169.68,396.92,1.029495,142.729222,1.6205533596837944,634.8277968,460.1430852,226.20064139999997,0.16346153846153846,STATE_YIELD_WITH_NATIONAL_PRICE_AND_COST,AGGREGATE_ACREAGE_NOT_MODEL_OPTIMUM
New York,2022,corn,1010.0,142.0,data/raw/usda_nass/crop_production_2024_summary.txt,"Corn Area Planted for All Purposes and Harvested for Grain, Yield, and Production","1,000 acres",bushels per acre,173.4,88162.0,6.48,519.11,927.86,1.071873,693.812519,0.8189158016147635,986.2946596800001,429.8746666500001,-8.253422099999927,0.6733333333333333,STATE_YIELD_WITH_NATIONAL_PRICE_AND_COST,AGGREGATE_ACREAGE_NOT_MODEL_OPTIMUM
New York,2022,soybeans,350.0,45.0,data/raw/usda_nass/crop_production_2024_summary.txt,"Soybeans for Beans Area Planted and Harvested, Yield, and Production - States and","1,000 acres",bushels per acre,49.6,87450.0,13.49,267.83,628.28,1.071873,464.817622,0.907258064516129,650.68050465,363.60075906,-22.75586379000002,0.23333333333333334,STATE_YIELD_WITH_NATIONAL_PRICE_AND_COST,AGGREGATE_ACREAGE_NOT_MODEL_OPTIMUM
New York,2022,winter_wheat,140.0,72.0,data/raw/usda_nass/crop_production_2024_summary.txt,"Winter Wheat Area Planted and Harvested, Yield, and Production - States and","1,000 acres",bushels per acre,47.0,33281.0,8.95,184.99,401.81,1.071873,185.444706,1.5319148936170213,690.7149612000001,492.42917493,260.02567107,0.09333333333333334,STATE_YIELD_WITH_NATIONAL_PRICE_AND_COST,AGGREGATE_ACREAGE_NOT_MODEL_OPTIMUM
New York,2023,corn,1040.0,159.0,data/raw/usda_nass/crop_production_2024_summary.txt,"Corn Area Planted for All Purposes and Harvested for Grain, Yield, and Production","1,000 acres",bushels per acre,177.3,94641.0,4.92,479.74,908.81,1.029495,448.221643,0.8967851099830795,805.3533486,311.4634173,-130.26200235,0.6753246753246753,STATE_YIELD_WITH_NATIONAL_PRICE_AND_COST,AGGREGATE_ACREAGE_NOT_MODEL_OPTIMUM
New York,2023,soybeans,350.0,51.0,data/raw/usda_nass/crop_production_2024_summary.txt,"Soybeans for Beans Area Planted and Harvested, Yield, and Production - States and","1,000 acres",bushels per acre,50.6,83600.0,12.75,268.23,662.52,1.029495,432.66597,1.007905138339921,669.42912375,393.2876799,-12.631903649999982,0.22727272727272727,STATE_YIELD_WITH_NATIONAL_PRICE_AND_COST,AGGREGATE_ACREAGE_NOT_MODEL_OPTIMUM
New York,2023,winter_wheat,150.0,81.0,data/raw/usda_nass/crop_production_2024_summary.txt,"Winter Wheat Area Planted and Harvested, Yield, and Production - States and","1,000 acres",bushels per acre,50.6,36699.0,7.52,169.68,396.92,1.029495,142.729222,1.600790513833992,627.0859944,452.40128280000005,218.458839,0.09740259740259741,STATE_YIELD_WITH_NATIONAL_PRICE_AND_COST,AGGREGATE_ACREAGE_NOT_MODEL_OPTIMUM
New York,2024,corn,1020.0,169.0,data/raw/usda_nass/crop_production_2024_summary.txt,"Corn Area Planted for All Purposes and Harvested for Grain, Yield, and Production","1,000 acres",bushels per acre,179.3,90594.0,3.97,434.66,878.31,1.0,319.64,0.9425543781372001,670.9300000000001,236.27000000000004,-207.37999999999988,0.6688524590163935,STATE_YIELD_WITH_NATIONAL_PRICE_AND_COST,AGGREGATE_ACREAGE_NOT_MODEL_OPTIMUM
New York,2024,soybeans,370.0,51.0,data/raw/usda_nass/crop_production_2024_summary.txt,"Soybeans for Beans Area Planted and Harvested, Yield, and Production - States and","1,000 acres",bushels per acre,50.7,87050.0,9.92,243.56,650.83,1.0,302.04,1.0059171597633136,505.92,262.36,-144.91000000000003,0.24262295081967214,STATE_YIELD_WITH_NATIONAL_PRICE_AND_COST,AGGREGATE_ACREAGE_NOT_MODEL_OPTIMUM
New York,2024,winter_wheat,135.0,75.0,data/raw/usda_nass/crop_production_2024_summary.txt,"Winter Wheat Area Planted and Harvested, Yield, and Production - States and","1,000 acres",bushels per acre,51.7,33390.0,5.54,154.12,390.97,1.0,128.42,1.4506769825918762,415.5,261.38,24.529999999999973,0.08852459016393442,STATE_YIELD_WITH_NATIONAL_PRICE_AND_COST,AGGREGATE_ACREAGE_NOT_MODEL_OPTIMUM
North Carolina,2022,corn,820.0,126.0,data/raw/usda_nass/crop_production_2024_summary.txt,"Corn Area Planted for All Purposes and Harvested for Grain, Yield, and Production","1,000 acres",bushels per acre,173.4,88162.0,6.48,519.11,927.86,1.071873,693.812519,0.726643598615917,875.16286704,318.74287401000004,-119.38521474000001,0.2733333333333333,STATE_YIELD_WITH_NATIONAL_PRICE_AND_COST,AGGREGATE_ACREAGE_NOT_MODEL_OPTIMUM
North Carolina,2022,soybeans,1700.0,38.5,data/raw/usda_nass/crop_production_2024_summary.txt,"Soybeans for Beans Area Planted and Harvested, Yield, and Production - States and","1,000 acres",bushels per acre,49.6,87450.0,13.49,267.83,628.28,1.071873,464.817622,0.7762096774193549,556.6933206450001,269.61357505500007,-116.74304779499997,0.5666666666666667,STATE_YIELD_WITH_NATIONAL_PRICE_AND_COST,AGGREGATE_ACREAGE_NOT_MODEL_OPTIMUM
North Carolina,2022,winter_wheat,480.0,64.0,data/raw/usda_nass/crop_production_2024_summary.txt,"Winter Wheat Area Planted and Harvested, Yield, and Production - States and","1,000 acres",bushels per acre,47.0,33281.0,8.95,184.99,401.81,1.071873,185.444706,1.3617021276595744,613.9688543999999,415.68306813,183.27956426999995,0.16,STATE_YIELD_WITH_NATIONAL_PRICE_AND_COST,AGGREGATE_ACREAGE_NOT_MODEL_OPTIMUM
North Carolina,2023,corn,950.0,147.0,data/raw/usda_nass/crop_production_2024_summary.txt,"Corn Area Planted for All Purposes and Harvested for Grain, Yield, and Production","1,000 acres",bushels per acre,177.3,94641.0,4.92,479.74,908.81,1.029495,448.221643,0.8291032148900168,744.5719638,250.68203250000002,-191.04338714999994,0.30944625407166126,STATE_YIELD_WITH_NATIONAL_PRICE_AND_COST,AGGREGATE_ACREAGE_NOT_MODEL_OPTIMUM
North Carolina,2023,soybeans,1640.0,38.5,data/raw/usda_nass/crop_production_2024_summary.txt,"Soybeans for Beans Area Planted and Harvested, Yield, and Production - States and","1,000 acres",bushels per acre,50.6,83600.0,12.75,268.23,662.52,1.029495,432.66597,0.7608695652173912,505.353358125,229.211914275,-176.707669275,0.5342019543973942,STATE_YIELD_WITH_NATIONAL_PRICE_AND_COST,AGGREGATE_ACREAGE_NOT_MODEL_OPTIMUM
North Carolina,2023,winter_wheat,480.0,70.0,data/raw/usda_nass/crop_production_2024_summary.txt,"Winter Wheat Area Planted and Harvested, Yield, and Production - States and","1,000 acres",bushels per acre,50.6,36699.0,7.52,169.68,396.92,1.029495,142.729222,1.383399209486166,541.926168,367.2414564,133.29901259999997,0.1563517915309446,STATE_YIELD_WITH_NATIONAL_PRICE_AND_COST,AGGREGATE_ACREAGE_NOT_MODEL_OPTIMUM
North Carolina,2024,corn,890.0,87.0,data/raw/usda_nass/crop_production_2024_summary.txt,"Corn Area Planted for All Purposes and Harvested for Grain, Yield, and Production","1,000 acres",bushels per acre,179.3,90594.0,3.97,434.66,878.31,1.0,319.64,0.4852203011712214,345.39000000000004,-89.26999999999998,-532.9199999999998,0.3037542662116041,STATE_YIELD_WITH_NATIONAL_PRICE_AND_COST,AGGREGATE_ACREAGE_NOT_MODEL_OPTIMUM
North Carolina,2024,soybeans,1630.0,39.0,data/raw/usda_nass/crop_production_2024_summary.txt,"Soybeans for Beans Area Planted and Harvested, Yield, and Production - States and","1,000 acres",bushels per acre,50.7,87050.0,9.92,243.56,650.83,1.0,302.04,0.7692307692307692,386.88,143.32,-263.95000000000005,0.5563139931740614,STATE_YIELD_WITH_NATIONAL_PRICE_AND_COST,AGGREGATE_ACREAGE_NOT_MODEL_OPTIMUM
North Carolina,2024,winter_wheat,410.0,57.0,data/raw/usda_nass/crop_production_2024_summary.txt,"Winter Wheat Area Planted and Harvested, Yield, and Production - States and","1,000 acres",bushels per acre,51.7,33390.0,5.54,154.12,390.97,1.0,128.42,1.1025145067698259,315.78000000000003,161.66000000000003,-75.19,0.13993174061433447,STATE_YIELD_WITH_NATIONAL_PRICE_AND_COST,AGGREGATE_ACREAGE_NOT_MODEL_OPTIMUM
North Dakota,2022,corn,2950.0,130.0,data/raw/usda_nass/crop_production_2024_summary.txt,"Corn Area Planted for All Purposes and Harvested for Grain, Yield, and Production","1,000 acres",bushels per acre,173.4,88162.0,6.48,519.11,927.86,1.071873,693.812519,0.7497116493656286,902.9458152000002,346.5258221700001,-91.60226657999992,0.336950314106225,STATE_YIELD_WITH_NATIONAL_PRICE_AND_COST,AGGREGATE_ACREAGE_NOT_MODEL_OPTIMUM
North Dakota,2022,soybeans,5700.0,35.0,data/raw/usda_nass/crop_production_2024_summary.txt,"Soybeans for Beans Area Planted and Harvested, Yield, and Production - States and","1,000 acres",bushels per acre,49.6,87450.0,13.49,267.83,628.28,1.071873,464.817622,0.7056451612903225,506.08483695000007,219.00509136000008,-167.35153148999996,0.6510565391205025,STATE_YIELD_WITH_NATIONAL_PRICE_AND_COST,AGGREGATE_ACREAGE_NOT_MODEL_OPTIMUM
North Dakota,2022,winter_wheat,105.0,60.0,data/raw/usda_nass/crop_production_2024_summary.txt,"Winter Wheat Area Planted and Harvested, Yield, and Production - States and","1,000 acres",bushels per acre,47.0,33281.0,8.95,184.99,401.81,1.071873,185.444706,1.2765957446808511,575.595801,377.31001473000003,144.90651087,0.011993146773272416,STATE_YIELD_WITH_NATIONAL_PRICE_AND_COST,AGGREGATE_ACREAGE_NOT_MODEL_OPTIMUM
North Dakota,2023,corn,4050.0,143.0,data/raw/usda_nass/crop_production_2024_summary.txt,"Corn Area Planted for All Purposes and Harvested for Grain, Yield, and Production","1,000 acres",bushels per acre,177.3,94641.0,4.92,479.74,908.81,1.029495,448.221643,0.8065425831923293,724.3115022,230.42157089999995,-211.30384875000001,0.38923594425756847,STATE_YIELD_WITH_NATIONAL_PRICE_AND_COST,AGGREGATE_ACREAGE_NOT_MODEL_OPTIMUM
North Dakota,2023,soybeans,6200.0,35.5,data/raw/usda_nass/crop_production_2024_summary.txt,"Soybeans for Beans Area Planted and Harvested, Yield, and Production - States and","1,000 acres",bushels per acre,50.6,83600.0,12.75,268.23,662.52,1.029495,432.66597,0.7015810276679841,465.975174375,189.833730525,-216.08585302499998,0.5958673714560307,STATE_YIELD_WITH_NATIONAL_PRICE_AND_COST,AGGREGATE_ACREAGE_NOT_MODEL_OPTIMUM
North Dakota,2023,winter_wheat,155.0,56.0,data/raw/usda_nass/crop_production_2024_summary.txt,"Winter Wheat Area Planted and Harvested, Yield, and Production - States and","1,000 acres",bushels per acre,50.6,36699.0,7.52,169.68,396.92,1.029495,142.729222,1.1067193675889329,433.5409344,258.8562228,24.91377899999999,0.014896684286400768,STATE_YIELD_WITH_NATIONAL_PRICE_AND_COST,AGGREGATE_ACREAGE_NOT_MODEL_OPTIMUM
North Dakota,2024,corn,3950.0,149.0,data/raw/usda_nass/crop_production_2024_summary.txt,"Corn Area Planted for All Purposes and Harvested for Grain, Yield, and Production","1,000 acres",bushels per acre,179.3,90594.0,3.97,434.66,878.31,1.0,319.64,0.8310094813162298,591.53,156.86999999999995,-286.78,0.3700234192037471,STATE_YIELD_WITH_NATIONAL_PRICE_AND_COST,AGGREGATE_ACREAGE_NOT_MODEL_OPTIMUM
North Dakota,2024,soybeans,6600.0,37.5,data/raw/usda_nass/crop_production_2024_summary.txt,"Soybeans for Beans Area Planted and Harvested, Yield, and Production - States and","1,000 acres",bushels per acre,50.7,87050.0,9.92,243.56,650.83,1.0,302.04,0.7396449704142012,372.0,128.44,-278.83000000000004,0.6182669789227166,STATE_YIELD_WITH_NATIONAL_PRICE_AND_COST,AGGREGATE_ACREAGE_NOT_MODEL_OPTIMUM
North Dakota,2024,winter_wheat,125.0,54.0,data/raw/usda_nass/crop_production_2024_summary.txt,"Winter Wheat Area Planted and Harvested, Yield, and Production - States and","1,000 acres",bushels per acre,51.7,33390.0,5.54,154.12,390.97,1.0,128.42,1.0444874274661509,299.16,145.04000000000002,-91.81,0.0117096018735363,STATE_YIELD_WITH_NATIONAL_PRICE_AND_COST,AGGREGATE_ACREAGE_NOT_MODEL_OPTIMUM
Ohio,2022,corn,3400.0,187.0,data/raw/usda_nass/crop_production_2024_summary.txt,"Corn Area Planted for All Purposes and Harvested for Grain, Yield, and Production","1,000 acres",bushels per acre,173.4,88162.0,6.48,519.11,927.86,1.071873,693.812519,1.0784313725490196,1298.85282648,742.43283345,304.3047447,0.37735849056603776,STATE_YIELD_WITH_NATIONAL_PRICE_AND_COST,AGGREGATE_ACREAGE_NOT_MODEL_OPTIMUM
Ohio,2022,soybeans,5100.0,55.5,data/raw/usda_nass/crop_production_2024_summary.txt,"Soybeans for Beans Area Planted and Harvested, Yield, and Production - States and","1,000 acres",bushels per acre,49.6,87450.0,13.49,267.83,628.28,1.071873,464.817622,1.1189516129032258,802.5059557350002,515.4262101450001,129.0695872950001,0.5660377358490566,STATE_YIELD_WITH_NATIONAL_PRICE_AND_COST,AGGREGATE_ACREAGE_NOT_MODEL_OPTIMUM
Ohio,2022,winter_wheat,510.0,79.0,data/raw/usda_nass/crop_production_2024_summary.txt,"Winter Wheat Area Planted and Harvested, Yield, and Production - States and","1,000 acres",bushels per acre,47.0,33281.0,8.95,184.99,401.81,1.071873,185.444706,1.6808510638297873,757.86780465,559.58201838,327.17851451999996,0.05660377358490566,STATE_YIELD_WITH_NATIONAL_PRICE_AND_COST,AGGREGATE_ACREAGE_NOT_MODEL_OPTIMUM
Ohio,2023,corn,3600.0,198.0,data/raw/usda_nass/crop_production_2024_summary.txt,"Corn Area Planted for All Purposes and Harvested for Grain, Yield, and Production","1,000 acres",bushels per acre,177.3,94641.0,4.92,479.74,908.81,1.029495,448.221643,1.116751269035533,1002.8928492,509.0029179,67.27749825000002,0.4,STATE_YIELD_WITH_NATIONAL_PRICE_AND_COST,AGGREGATE_ACREAGE_NOT_MODEL_OPTIMUM
Ohio,2023,soybeans,4750.0,58.0,data/raw/usda_nass/crop_production_2024_summary.txt,"Soybeans for Beans Area Planted and Harvested, Yield, and Production - States and","1,000 acres",bushels per acre,50.6,83600.0,12.75,268.23,662.52,1.029495,432.66597,1.1462450592885376,761.3115525000001,485.17010865000003,79.25052510000002,0.5277777777777778,STATE_YIELD_WITH_NATIONAL_PRICE_AND_COST,AGGREGATE_ACREAGE_NOT_MODEL_OPTIMUM
Ohio,2023,winter_wheat,650.0,90.0,data/raw/usda_nass/crop_production_2024_summary.txt,"Winter Wheat Area Planted and Harvested, Yield, and Production - States and","1,000 acres",bushels per acre,50.6,36699.0,7.52,169.68,396.92,1.029495,142.729222,1.7786561264822134,696.762216,522.0775044,288.1350606,0.07222222222222222,STATE_YIELD_WITH_NATIONAL_PRICE_AND_COST,AGGREGATE_ACREAGE_NOT_MODEL_OPTIMUM
Ohio,2024,corn,3400.0,177.0,data/raw/usda_nass/crop_production_2024_summary.txt,"Corn Area Planted for All Purposes and Harvested for Grain, Yield, and Production","1,000 acres",bushels per acre,179.3,90594.0,3.97,434.66,878.31,1.0,319.64,0.9871723368655884,702.69,268.03000000000003,-175.6199999999999,0.379041248606466,STATE_YIELD_WITH_NATIONAL_PRICE_AND_COST,AGGREGATE_ACREAGE_NOT_MODEL_OPTIMUM
Ohio,2024,soybeans,5050.0,50.0,data/raw/usda_nass/crop_production_2024_summary.txt,"Soybeans for Beans Area Planted and Harvested, Yield, and Production - States and","1,000 acres",bushels per acre,50.7,87050.0,9.92,243.56,650.83,1.0,302.04,0.9861932938856015,496.0,252.44,-154.83000000000004,0.5629877369007804,STATE_YIELD_WITH_NATIONAL_PRICE_AND_COST,AGGREGATE_ACREAGE_NOT_MODEL_OPTIMUM
Ohio,2024,winter_wheat,520.0,85.0,data/raw/usda_nass/crop_production_2024_summary.txt,"Winter Wheat Area Planted and Harvested, Yield, and Production - States and","1,000 acres",bushels per acre,51.7,33390.0,5.54,154.12,390.97,1.0,128.42,1.6441005802707929,470.9,316.78,79.92999999999995,0.057971014492753624,STATE_YIELD_WITH_NATIONAL_PRICE_AND_COST,AGGREGATE_ACREAGE_NOT_MODEL_OPTIMUM
Oklahoma,2022,corn,350.0,122.0,data/raw/usda_nass/crop_production_2024_summary.txt,"Corn Area Planted for All Purposes and Harvested for Grain, Yield, and Production","1,000 acres",bushels per acre,173.4,88162.0,6.48,519.11,927.86,1.071873,693.812519,0.7035755478662052,847.3799188800001,290.95992585000005,-147.16816289999997,0.06737247353224254,STATE_YIELD_WITH_NATIONAL_PRICE_AND_COST,AGGREGATE_ACREAGE_NOT_MODEL_OPTIMUM
Oklahoma,2022,soybeans,545.0,17.0,data/raw/usda_nass/crop_production_2024_summary.txt,"Soybeans for Beans Area Planted and Harvested, Yield, and Production - States and","1,000 acres",bushels per acre,49.6,87450.0,13.49,267.83,628.28,1.071873,464.817622,0.34274193548387094,245.81263509000004,-41.26711049999997,-427.62373334999995,0.10490856592877768,STATE_YIELD_WITH_NATIONAL_PRICE_AND_COST,AGGREGATE_ACREAGE_NOT_MODEL_OPTIMUM
Oklahoma,2022,winter_wheat,4300.0,28.0,data/raw/usda_nass/crop_production_2024_summary.txt,"Winter Wheat Area Planted and Harvested, Yield, and Production - States and","1,000 acres",bushels per acre,47.0,33281.0,8.95,184.99,401.81,1.071873,185.444706,0.5957446808510638,268.61137379999997,70.32558752999996,-162.07791633000005,0.8277189605389798,STATE_YIELD_WITH_NATIONAL_PRICE_AND_COST,AGGREGATE_ACREAGE_NOT_MODEL_OPTIMUM
Oklahoma,2023,corn,390.0,149.0,data/raw/usda_nass/crop_production_2024_summary.txt,"Corn Area Planted for All Purposes and Harvested for Grain, Yield, and Production","1,000 acres",bushels per acre,177.3,94641.0,4.92,479.74,908.81,1.029495,448.221643,0.8403835307388606,754.7021946000001,260.81226330000004,-180.91315634999992,0.07222222222222222,STATE_YIELD_WITH_NATIONAL_PRICE_AND_COST,AGGREGATE_ACREAGE_NOT_MODEL_OPTIMUM
Oklahoma,2023,soybeans,460.0,26.0,data/raw/usda_nass/crop_production_2024_summary.txt,"Soybeans for Beans Area Planted and Harvested, Yield, and Production - States and","1,000 acres",bushels per acre,50.6,83600.0,12.75,268.23,662.52,1.029495,432.66597,0.5138339920948617,341.2775925,65.13614864999998,-340.7834349,0.08518518518518518,STATE_YIELD_WITH_NATIONAL_PRICE_AND_COST,AGGREGATE_ACREAGE_NOT_MODEL_OPTIMUM
Oklahoma,2023,winter_wheat,4550.0,28.0,data/raw/usda_nass/crop_production_2024_summary.txt,"Winter Wheat Area Planted and Harvested, Yield, and Production - States and","1,000 acres",bushels per acre,50.6,36699.0,7.52,169.68,396.92,1.029495,142.729222,0.5533596837944664,216.7704672,42.0857556,-191.85668820000004,0.8425925925925926,STATE_YIELD_WITH_NATIONAL_PRICE_AND_COST,AGGREGATE_ACREAGE_NOT_MODEL_OPTIMUM
Oklahoma,2024,corn,450.0,98.0,data/raw/usda_nass/crop_production_2024_summary.txt,"Corn Area Planted for All Purposes and Harvested for Grain, Yield, and Production","1,000 acres",bushels per acre,179.3,90594.0,3.97,434.66,878.31,1.0,319.64,0.5465699944227551,389.06,-45.60000000000002,-489.24999999999994,0.08482563619227144,STATE_YIELD_WITH_NATIONAL_PRICE_AND_COST,AGGREGATE_ACREAGE_NOT_MODEL_OPTIMUM
Oklahoma,2024,soybeans,505.0,20.0,data/raw/usda_nass/crop_production_2024_summary.txt,"Soybeans for Beans Area Planted and Harvested, Yield, and Production - States and","1,000 acres",bushels per acre,50.7,87050.0,9.92,243.56,650.83,1.0,302.04,0.3944773175542406,198.4,-45.16,-452.43000000000006,0.09519321394910461,STATE_YIELD_WITH_NATIONAL_PRICE_AND_COST,AGGREGATE_ACREAGE_NOT_MODEL_OPTIMUM
Oklahoma,2024,winter_wheat,4350.0,38.0,data/raw/usda_nass/crop_production_2024_summary.txt,"Winter Wheat Area Planted and Harvested, Yield, and Production - States and","1,000 acres",bushels per acre,51.7,33390.0,5.54,154.12,390.97,1.0,128.42,0.7350096711798839,210.52,56.400000000000006,-180.45000000000002,0.8199811498586239,STATE_YIELD_WITH_NATIONAL_PRICE_AND_COST,AGGREGATE_ACREAGE_NOT_MODEL_OPTIMUM
Pennsylvania,2022,corn,1020.0,140.0,data/raw/usda_nass/crop_production_2024_summary.txt,"Corn Area Planted for All Purposes and Harvested for Grain, Yield, and Production","1,000 acres",bushels per acre,173.4,88162.0,6.48,519.11,927.86,1.071873,693.812519,0.8073817762399077,972.4031856000001,415.9831925700001,-22.144896179999968,0.5396825396825397,STATE_YIELD_WITH_NATIONAL_PRICE_AND_COST,AGGREGATE_ACREAGE_NOT_MODEL_OPTIMUM
Pennsylvania,2022,soybeans,600.0,43.0,data/raw/usda_nass/crop_production_2024_summary.txt,"Soybeans for Beans Area Planted and Harvested, Yield, and Production - States and","1,000 acres",bushels per acre,49.6,87450.0,13.49,267.83,628.28,1.071873,464.817622,0.8669354838709677,621.7613711100001,334.68162552000007,-51.67499732999992,0.31746031746031744,STATE_YIELD_WITH_NATIONAL_PRICE_AND_COST,AGGREGATE_ACREAGE_NOT_MODEL_OPTIMUM
Pennsylvania,2022,winter_wheat,270.0,73.0,data/raw/usda_nass/crop_production_2024_summary.txt,"Winter Wheat Area Planted and Harvested, Yield, and Production - States and","1,000 acres",bushels per acre,47.0,33281.0,8.95,184.99,401.81,1.071873,185.444706,1.553191489361702,700.30822455,502.0224382799999,269.6189344199999,0.14285714285714285,STATE_YIELD_WITH_NATIONAL_PRICE_AND_COST,AGGREGATE_ACREAGE_NOT_MODEL_OPTIMUM
Pennsylvania,2023,corn,1040.0,157.0,data/raw/usda_nass/crop_production_2024_summary.txt,"Corn Area Planted for All Purposes and Harvested for Grain, Yield, and Production","1,000 acres",bushels per acre,177.3,94641.0,4.92,479.74,908.81,1.029495,448.221643,0.8855047941342357,795.2231178,301.33318649999995,-140.39223315,0.5502645502645502,STATE_YIELD_WITH_NATIONAL_PRICE_AND_COST,AGGREGATE_ACREAGE_NOT_MODEL_OPTIMUM
Pennsylvania,2023,soybeans,570.0,47.0,data/raw/usda_nass/crop_production_2024_summary.txt,"Soybeans for Beans Area Planted and Harvested, Yield, and Production - States and","1,000 acres",bushels per acre,50.6,83600.0,12.75,268.23,662.52,1.029495,432.66597,0.9288537549407114,616.9248787500001,340.7834349,-65.13614864999998,0.30158730158730157,STATE_YIELD_WITH_NATIONAL_PRICE_AND_COST,AGGREGATE_ACREAGE_NOT_MODEL_OPTIMUM
Pennsylvania,2023,winter_wheat,280.0,76.0,data/raw/usda_nass/crop_production_2024_summary.txt,"Winter Wheat Area Planted and Harvested, Yield, and Production - States and","1,000 acres",bushels per acre,50.6,36699.0,7.52,169.68,396.92,1.029495,142.729222,1.5019762845849802,588.3769824,413.6922708,179.74982699999998,0.14814814814814814,STATE_YIELD_WITH_NATIONAL_PRICE_AND_COST,AGGREGATE_ACREAGE_NOT_MODEL_OPTIMUM
Pennsylvania,2024,corn,990.0,138.0,data/raw/usda_nass/crop_production_2024_summary.txt,"Corn Area Planted for All Purposes and Harvested for Grain, Yield, and Production","1,000 acres",bushels per acre,179.3,90594.0,3.97,434.66,878.31,1.0,319.64,0.769659788064696,547.86,113.19999999999999,-330.44999999999993,0.5380434782608695,STATE_YIELD_WITH_NATIONAL_PRICE_AND_COST,AGGREGATE_ACREAGE_NOT_MODEL_OPTIMUM
Pennsylvania,2024,soybeans,610.0,45.0,data/raw/usda_nass/crop_production_2024_summary.txt,"Soybeans for Beans Area Planted and Harvested, Yield, and Production - States and","1,000 acres",bushels per acre,50.7,87050.0,9.92,243.56,650.83,1.0,302.04,0.8875739644970414,446.4,202.83999999999997,-204.43000000000006,0.33152173913043476,STATE_YIELD_WITH_NATIONAL_PRICE_AND_COST,AGGREGATE_ACREAGE_NOT_MODEL_OPTIMUM
Pennsylvania,2024,winter_wheat,240.0,75.0,data/raw/usda_nass/crop_production_2024_summary.txt,"Winter Wheat Area Planted and Harvested, Yield, and Production - States and","1,000 acres",bushels per acre,51.7,33390.0,5.54,154.12,390.97,1.0,128.42,1.4506769825918762,415.5,261.38,24.529999999999973,0.13043478260869565,STATE_YIELD_WITH_NATIONAL_PRICE_AND_COST,AGGREGATE_ACREAGE_NOT_MODEL_OPTIMUM
South Carolina,2022,corn,320.0,122.0,data/raw/usda_nass/crop_production_2024_summary.txt,"Corn Area Planted for All Purposes and Harvested for Grain, Yield, and Production","1,000 acres",bushels per acre,173.4,88162.0,6.48,519.11,927.86,1.071873,693.812519,0.7035755478662052,847.3799188800001,290.95992585000005,-147.16816289999997,0.378698224852071,STATE_YIELD_WITH_NATIONAL_PRICE_AND_COST,AGGREGATE_ACREAGE_NOT_MODEL_OPTIMUM
South Carolina,2022,soybeans,405.0,37.0,data/raw/usda_nass/crop_production_2024_summary.txt,"Soybeans for Beans Area Planted and Harvested, Yield, and Production - States and","1,000 acres",bushels per acre,49.6,87450.0,13.49,267.83,628.28,1.071873,464.817622,0.7459677419354839,535.00397049,247.92422490000004,-138.43239795,0.47928994082840237,STATE_YIELD_WITH_NATIONAL_PRICE_AND_COST,AGGREGATE_ACREAGE_NOT_MODEL_OPTIMUM
South Carolina,2022,winter_wheat,120.0,57.0,data/raw/usda_nass/crop_production_2024_summary.txt,"Winter Wheat Area Planted and Harvested, Yield, and Production - States and","1,000 acres",bushels per acre,47.0,33281.0,8.95,184.99,401.81,1.071873,185.444706,1.2127659574468086,546.81601095,348.53022468,116.12672081999997,0.14201183431952663,STATE_YIELD_WITH_NATIONAL_PRICE_AND_COST,AGGREGATE_ACREAGE_NOT_MODEL_OPTIMUM
South Carolina,2023,corn,365.0,150.0,data/raw/usda_nass/crop_production_2024_summary.txt,"Corn Area Planted for All Purposes and Harvested for Grain, Yield, and Production","1,000 acres",bushels per acre,177.3,94641.0,4.92,479.74,908.81,1.029495,448.221643,0.8460236886632825,759.7673100000001,265.8773787,-175.84804094999996,0.41954022988505746,STATE_YIELD_WITH_NATIONAL_PRICE_AND_COST,AGGREGATE_ACREAGE_NOT_MODEL_OPTIMUM
South Carolina,2023,soybeans,395.0,39.0,data/raw/usda_nass/crop_production_2024_summary.txt,"Soybeans for Beans Area Planted and Harvested, Yield, and Production - States and","1,000 acres",bushels per acre,50.6,83600.0,12.75,268.23,662.52,1.029495,432.66597,0.7707509881422925,511.91638875,235.77494489999998,-170.14463865,0.4540229885057471,STATE_YIELD_WITH_NATIONAL_PRICE_AND_COST,AGGREGATE_ACREAGE_NOT_MODEL_OPTIMUM
South Carolina,2023,winter_wheat,110.0,58.0,data/raw/usda_nass/crop_production_2024_summary.txt,"Winter Wheat Area Planted and Harvested, Yield, and Production - States and","1,000 acres",bushels per acre,50.6,36699.0,7.52,169.68,396.92,1.029495,142.729222,1.1462450592885376,449.0245392,274.3398276,40.39738379999995,0.12643678160919541,STATE_YIELD_WITH_NATIONAL_PRICE_AND_COST,AGGREGATE_ACREAGE_NOT_MODEL_OPTIMUM
South Carolina,2024,corn,330.0,101.0,data/raw/usda_nass/crop_production_2024_summary.txt,"Corn Area Planted for All Purposes and Harvested for Grain, Yield, and Production","1,000 acres",bushels per acre,179.3,90594.0,3.97,434.66,878.31,1.0,319.64,0.5633017289459007,400.97,-33.69,-477.3399999999999,0.4125,STATE_YIELD_WITH_NATIONAL_PRICE_AND_COST,AGGREGATE_ACREAGE_NOT_MODEL_OPTIMUM
South Carolina,2024,soybeans,390.0,34.0,data/raw/usda_nass/crop_production_2024_summary.txt,"Soybeans for Beans Area Planted and Harvested, Yield, and Production - States and","1,000 acres",bushels per acre,50.7,87050.0,9.92,243.56,650.83,1.0,302.04,0.6706114398422091,337.28,93.71999999999997,-313.55000000000007,0.4875,STATE_YIELD_WITH_NATIONAL_PRICE_AND_COST,AGGREGATE_ACREAGE_NOT_MODEL_OPTIMUM
South Carolina,2024,winter_wheat,80.0,54.0,data/raw/usda_nass/crop_production_2024_summary.txt,"Winter Wheat Area Planted and Harvested, Yield, and Production - States and","1,000 acres",bushels per acre,51.7,33390.0,5.54,154.12,390.97,1.0,128.42,1.0444874274661509,299.16,145.04000000000002,-91.81,0.1,STATE_YIELD_WITH_NATIONAL_PRICE_AND_COST,AGGREGATE_ACREAGE_NOT_MODEL_OPTIMUM
South Dakota,2022,corn,5750.0,132.0,data/raw/usda_nass/crop_production_2024_summary.txt,"Corn Area Planted for All Purposes and Harvested for Grain, Yield, and Production","1,000 acres",bushels per acre,173.4,88162.0,6.48,519.11,927.86,1.071873,693.812519,0.7612456747404844,916.83728928,360.41729625000005,-77.71079250000001,0.4922945205479452,STATE_YIELD_WITH_NATIONAL_PRICE_AND_COST,AGGREGATE_ACREAGE_NOT_MODEL_OPTIMUM
South Dakota,2022,soybeans,5100.0,38.0,data/raw/usda_nass/crop_production_2024_summary.txt,"Soybeans for Beans Area Planted and Harvested, Yield, and Production - States and","1,000 acres",bushels per acre,49.6,87450.0,13.49,267.83,628.28,1.071873,464.817622,0.7661290322580645,549.4635372600001,262.38379167000005,-123.97283117999997,0.4366438356164384,STATE_YIELD_WITH_NATIONAL_PRICE_AND_COST,AGGREGATE_ACREAGE_NOT_MODEL_OPTIMUM
South Dakota,2022,winter_wheat,830.0,52.0,data/raw/usda_nass/crop_production_2024_summary.txt,"Winter Wheat Area Planted and Harvested, Yield, and Production - States and","1,000 acres",bushels per acre,47.0,33281.0,8.95,184.99,401.81,1.071873,185.444706,1.1063829787234043,498.8496942,300.56390792999997,68.16040406999998,0.07106164383561644,STATE_YIELD_WITH_NATIONAL_PRICE_AND_COST,AGGREGATE_ACREAGE_NOT_MODEL_OPTIMUM
South Dakota,2023,corn,6300.0,152.0,data/raw/usda_nass/crop_production_2024_summary.txt,"Corn Area Planted for All Purposes and Harvested for Grain, Yield, and Production","1,000 acres",bushels per acre,177.3,94641.0,4.92,479.74,908.81,1.029495,448.221643,0.8573040045121263,769.8975408000001,276.00760950000006,-165.7178101499999,0.5113636363636364,STATE_YIELD_WITH_NATIONAL_PRICE_AND_COST,AGGREGATE_ACREAGE_NOT_MODEL_OPTIMUM
South Dakota,2023,soybeans,5100.0,44.0,data/raw/usda_nass/crop_production_2024_summary.txt,"Soybeans for Beans Area Planted and Harvested, Yield, and Production - States and","1,000 acres",bushels per acre,50.6,83600.0,12.75,268.23,662.52,1.029495,432.66597,0.8695652173913043,577.546695,301.40525114999997,-104.51433239999999,0.413961038961039,STATE_YIELD_WITH_NATIONAL_PRICE_AND_COST,AGGREGATE_ACREAGE_NOT_MODEL_OPTIMUM
South Dakota,2023,winter_wheat,920.0,47.0,data/raw/usda_nass/crop_production_2024_summary.txt,"Winter Wheat Area Planted and Harvested, Yield, and Production - States and","1,000 acres",bushels per acre,50.6,36699.0,7.52,169.68,396.92,1.029495,142.729222,0.9288537549407114,363.8647128,189.1800012,-44.76244260000002,0.07467532467532467,STATE_YIELD_WITH_NATIONAL_PRICE_AND_COST,AGGREGATE_ACREAGE_NOT_MODEL_OPTIMUM
South Dakota,2024,corn,5900.0,164.0,data/raw/usda_nass/crop_production_2024_summary.txt,"Corn Area Planted for All Purposes and Harvested for Grain, Yield, and Production","1,000 acres",bushels per acre,179.3,90594.0,3.97,434.66,878.31,1.0,319.64,0.9146681539319576,651.08,216.42000000000002,-227.2299999999999,0.4832104832104832,STATE_YIELD_WITH_NATIONAL_PRICE_AND_COST,AGGREGATE_ACREAGE_NOT_MODEL_OPTIMUM
South Dakota,2024,soybeans,5450.0,43.0,data/raw/usda_nass/crop_production_2024_summary.txt,"Soybeans for Beans Area Planted and Harvested, Yield, and Production - States and","1,000 acres",bushels per acre,50.7,87050.0,9.92,243.56,650.83,1.0,302.04,0.8481262327416174,426.56,183.0,-224.27000000000004,0.44635544635544633,STATE_YIELD_WITH_NATIONAL_PRICE_AND_COST,AGGREGATE_ACREAGE_NOT_MODEL_OPTIMUM
South Dakota,2024,winter_wheat,860.0,63.0,data/raw/usda_nass/crop_production_2024_summary.txt,"Winter Wheat Area Planted and Harvested, Yield, and Production - States and","1,000 acres",bushels per acre,51.7,33390.0,5.54,154.12,390.97,1.0,128.42,1.218568665377176,349.02,194.89999999999998,-41.950000000000045,0.07043407043407043,STATE_YIELD_WITH_NATIONAL_PRICE_AND_COST,AGGREGATE_ACREAGE_NOT_MODEL_OPTIMUM
Tennessee,2022,corn,830.0,130.0,data/raw/usda_nass/crop_production_2024_summary.txt,"Corn Area Planted for All Purposes and Harvested for Grain, Yield, and Production","1,000 acres",bushels per acre,173.4,88162.0,6.48,519.11,927.86,1.071873,693.812519,0.7497116493656286,902.9458152000002,346.5258221700001,-91.60226657999992,0.28719723183391005,STATE_YIELD_WITH_NATIONAL_PRICE_AND_COST,AGGREGATE_ACREAGE_NOT_MODEL_OPTIMUM
Tennessee,2022,soybeans,1650.0,48.0,data/raw/usda_nass/crop_production_2024_summary.txt,"Soybeans for Beans Area Planted and Harvested, Yield, and Production - States and","1,000 acres",bushels per acre,49.6,87450.0,13.49,267.83,628.28,1.071873,464.817622,0.9677419354838709,694.05920496,406.97945937000003,20.62283652000001,0.5709342560553633,STATE_YIELD_WITH_NATIONAL_PRICE_AND_COST,AGGREGATE_ACREAGE_NOT_MODEL_OPTIMUM
Tennessee,2022,winter_wheat,410.0,73.0,data/raw/usda_nass/crop_production_2024_summary.txt,"Winter Wheat Area Planted and Harvested, Yield, and Production - States and","1,000 acres",bushels per acre,47.0,33281.0,8.95,184.99,401.81,1.071873,185.444706,1.553191489361702,700.30822455,502.0224382799999,269.6189344199999,0.14186851211072665,STATE_YIELD_WITH_NATIONAL_PRICE_AND_COST,AGGREGATE_ACREAGE_NOT_MODEL_OPTIMUM
Tennessee,2023,corn,940.0,173.0,data/raw/usda_nass/crop_production_2024_summary.txt,"Corn Area Planted for All Purposes and Harvested for Grain, Yield, and Production","1,000 acres",bushels per acre,177.3,94641.0,4.92,479.74,908.81,1.029495,448.221643,0.9757473209249858,876.2649642,382.37503289999995,-59.35038674999998,0.3122923588039867,STATE_YIELD_WITH_NATIONAL_PRICE_AND_COST,AGGREGATE_ACREAGE_NOT_MODEL_OPTIMUM
Tennessee,2023,soybeans,1600.0,51.0,data/raw/usda_nass/crop_production_2024_summary.txt,"Soybeans for Beans Area Planted and Harvested, Yield, and Production - States and","1,000 acres",bushels per acre,50.6,83600.0,12.75,268.23,662.52,1.029495,432.66597,1.007905138339921,669.42912375,393.2876799,-12.631903649999982,0.53156146179402,STATE_YIELD_WITH_NATIONAL_PRICE_AND_COST,AGGREGATE_ACREAGE_NOT_MODEL_OPTIMUM
Tennessee,2023,winter_wheat,470.0,80.0,data/raw/usda_nass/crop_production_2024_summary.txt,"Winter Wheat Area Planted and Harvested, Yield, and Production - States and","1,000 acres",bushels per acre,50.6,36699.0,7.52,169.68,396.92,1.029495,142.729222,1.5810276679841897,619.3441919999999,444.6594803999999,210.7170365999999,0.15614617940199335,STATE_YIELD_WITH_NATIONAL_PRICE_AND_COST,AGGREGATE_ACREAGE_NOT_MODEL_OPTIMUM
Tennessee,2024,corn,700.0,152.0,data/raw/usda_nass/crop_production_2024_summary.txt,"Corn Area Planted for All Purposes and Harvested for Grain, Yield, and Production","1,000 acres",bushels per acre,179.3,90594.0,3.97,434.66,878.31,1.0,319.64,0.8477412158393753,603.44,168.78000000000003,-274.8699999999999,0.2413793103448276,STATE_YIELD_WITH_NATIONAL_PRICE_AND_COST,AGGREGATE_ACREAGE_NOT_MODEL_OPTIMUM
Tennessee,2024,soybeans,1820.0,42.0,data/raw/usda_nass/crop_production_2024_summary.txt,"Soybeans for Beans Area Planted and Harvested, Yield, and Production - States and","1,000 acres",bushels per acre,50.7,87050.0,9.92,243.56,650.83,1.0,302.04,0.8284023668639052,416.64,173.07999999999998,-234.19000000000005,0.6275862068965518,STATE_YIELD_WITH_NATIONAL_PRICE_AND_COST,AGGREGATE_ACREAGE_NOT_MODEL_OPTIMUM
Tennessee,2024,winter_wheat,380.0,75.0,data/raw/usda_nass/crop_production_2024_summary.txt,"Winter Wheat Area Planted and Harvested, Yield, and Production - States and","1,000 acres",bushels per acre,51.7,33390.0,5.54,154.12,390.97,1.0,128.42,1.4506769825918762,415.5,261.38,24.529999999999973,0.1310344827586207,STATE_YIELD_WITH_NATIONAL_PRICE_AND_COST,AGGREGATE_ACREAGE_NOT_MODEL_OPTIMUM
Texas,2022,corn,2150.0,95.0,data/raw/usda_nass/crop_production_2024_summary.txt,"Corn Area Planted for All Purposes and Harvested for Grain, Yield, and Production","1,000 acres",bushels per acre,173.4,88162.0,6.48,519.11,927.86,1.071873,693.812519,0.5478662053056517,659.8450188,103.42502577000002,-334.70306298,0.28270874424720577,STATE_YIELD_WITH_NATIONAL_PRICE_AND_COST,AGGREGATE_ACREAGE_NOT_MODEL_OPTIMUM
Texas,2022,soybeans,155.0,20.0,data/raw/usda_nass/crop_production_2024_summary.txt,"Soybeans for Beans Area Planted and Harvested, Yield, and Production - States and","1,000 acres",bushels per acre,49.6,87450.0,13.49,267.83,628.28,1.071873,464.817622,0.4032258064516129,289.1913354,2.111589810000029,-384.24503304,0.020381328073635765,STATE_YIELD_WITH_NATIONAL_PRICE_AND_COST,AGGREGATE_ACREAGE_NOT_MODEL_OPTIMUM
Texas,2022,winter_wheat,5300.0,30.0,data/raw/usda_nass/crop_production_2024_summary.txt,"Winter Wheat Area Planted and Harvested, Yield, and Production - States and","1,000 acres",bushels per acre,47.0,33281.0,8.95,184.99,401.81,1.071873,185.444706,0.6382978723404256,287.7979005,89.51211423,-142.89138963000002,0.6969099276791585,STATE_YIELD_WITH_NATIONAL_PRICE_AND_COST,AGGREGATE_ACREAGE_NOT_MODEL_OPTIMUM
Texas,2023,corn,2500.0,122.0,data/raw/usda_nass/crop_production_2024_summary.txt,"Corn Area Planted for All Purposes and Harvested for Grain, Yield, and Production","1,000 acres",bushels per acre,177.3,94641.0,4.92,479.74,908.81,1.029495,448.221643,0.6880992667794698,617.9440788,124.0541475,-317.67127214999994,0.2770083102493075,STATE_YIELD_WITH_NATIONAL_PRICE_AND_COST,AGGREGATE_ACREAGE_NOT_MODEL_OPTIMUM
Texas,2023,soybeans,125.0,25.0,data/raw/usda_nass/crop_production_2024_summary.txt,"Soybeans for Beans Area Planted and Harvested, Yield, and Production - States and","1,000 acres",bushels per acre,50.6,83600.0,12.75,268.23,662.52,1.029495,432.66597,0.49407114624505927,328.15153125,52.01008739999998,-353.90949615,0.013850415512465374,STATE_YIELD_WITH_NATIONAL_PRICE_AND_COST,AGGREGATE_ACREAGE_NOT_MODEL_OPTIMUM
Texas,2023,winter_wheat,6400.0,37.0,data/raw/usda_nass/crop_production_2024_summary.txt,"Winter Wheat Area Planted and Harvested, Yield, and Production - States and","1,000 acres",bushels per acre,50.6,36699.0,7.52,169.68,396.92,1.029495,142.729222,0.7312252964426877,286.4466888,111.7619772,-122.18046660000002,0.7091412742382271,STATE_YIELD_WITH_NATIONAL_PRICE_AND_COST,AGGREGATE_ACREAGE_NOT_MODEL_OPTIMUM
Texas,2024,corn,2150.0,112.0,data/raw/usda_nass/crop_production_2024_summary.txt,"Corn Area Planted for All Purposes and Harvested for Grain, Yield, and Production","1,000 acres",bushels per acre,179.3,90594.0,3.97,434.66,878.31,1.0,319.64,0.6246514221974344,444.64000000000004,9.980000000000018,-433.6699999999999,0.27741935483870966,STATE_YIELD_WITH_NATIONAL_PRICE_AND_COST,AGGREGATE_ACREAGE_NOT_MODEL_OPTIMUM
Texas,2024,soybeans,100.0,32.0,data/raw/usda_nass/crop_production_2024_summary.txt,"Soybeans for Beans Area Planted and Harvested, Yield, and Production - States and","1,000 acres",bushels per acre,50.7,87050.0,9.92,243.56,650.83,1.0,302.04,0.631163708086785,317.44,73.88,-333.39000000000004,0.012903225806451613,STATE_YIELD_WITH_NATIONAL_PRICE_AND_COST,AGGREGATE_ACREAGE_NOT_MODEL_OPTIMUM
Texas,2024,winter_wheat,5500.0,31.0,data/raw/usda_nass/crop_production_2024_summary.txt,"Winter Wheat Area Planted and Harvested, Yield, and Production - States and","1,000 acres",bushels per acre,51.7,33390.0,5.54,154.12,390.97,1.0,128.42,0.5996131528046421,171.74,17.620000000000005,-219.23000000000002,0.7096774193548387,STATE_YIELD_WITH_NATIONAL_PRICE_AND_COST,AGGREGATE_ACREAGE_NOT_MODEL_OPTIMUM
Virginia,2022,corn,430.0,167.0,data/raw/usda_nass/crop_production_2024_summary.txt,"Corn Area Planted for All Purposes and Harvested for Grain, Yield, and Production","1,000 acres",bushels per acre,173.4,88162.0,6.48,519.11,927.86,1.071873,693.812519,0.9630911188004613,1159.93808568,603.5180926500001,165.3900039000001,0.3359375,STATE_YIELD_WITH_NATIONAL_PRICE_AND_COST,AGGREGATE_ACREAGE_NOT_MODEL_OPTIMUM
Virginia,2022,soybeans,620.0,41.0,data/raw/usda_nass/crop_production_2024_summary.txt,"Soybeans for Beans Area Planted and Harvested, Yield, and Production - States and","1,000 acres",bushels per acre,49.6,87450.0,13.49,267.83,628.28,1.071873,464.817622,0.8266129032258064,592.8422375700001,305.76249198000005,-80.59413086999994,0.484375,STATE_YIELD_WITH_NATIONAL_PRICE_AND_COST,AGGREGATE_ACREAGE_NOT_MODEL_OPTIMUM
Virginia,2022,winter_wheat,230.0,68.0,data/raw/usda_nass/crop_production_2024_summary.txt,"Winter Wheat Area Planted and Harvested, Yield, and Production - States and","1,000 acres",bushels per acre,47.0,33281.0,8.95,184.99,401.81,1.071873,185.444706,1.446808510638298,652.3419078,454.0561215299999,221.65261766999993,0.1796875,STATE_YIELD_WITH_NATIONAL_PRICE_AND_COST,AGGREGATE_ACREAGE_NOT_MODEL_OPTIMUM
Virginia,2023,corn,495.0,157.0,data/raw/usda_nass/crop_production_2024_summary.txt,"Corn Area Planted for All Purposes and Harvested for Grain, Yield, and Production","1,000 acres",bushels per acre,177.3,94641.0,4.92,479.74,908.81,1.029495,448.221643,0.8855047941342357,795.2231178,301.33318649999995,-140.39223315,0.38823529411764707,STATE_YIELD_WITH_NATIONAL_PRICE_AND_COST,AGGREGATE_ACREAGE_NOT_MODEL_OPTIMUM
Virginia,2023,soybeans,580.0,38.0,data/raw/usda_nass/crop_production_2024_summary.txt,"Soybeans for Beans Area Planted and Harvested, Yield, and Production - States and","1,000 acres",bushels per acre,50.6,83600.0,12.75,268.23,662.52,1.029495,432.66597,0.7509881422924901,498.79032750000005,222.64888365,-183.27069989999998,0.4549019607843137,STATE_YIELD_WITH_NATIONAL_PRICE_AND_COST,AGGREGATE_ACREAGE_NOT_MODEL_OPTIMUM
Virginia,2023,winter_wheat,200.0,78.0,data/raw/usda_nass/crop_production_2024_summary.txt,"Winter Wheat Area Planted and Harvested, Yield, and Production - States and","1,000 acres",bushels per acre,50.6,36699.0,7.52,169.68,396.92,1.029495,142.729222,1.541501976284585,603.8605871999999,429.1758756,195.23343179999995,0.1568627450980392,STATE_YIELD_WITH_NATIONAL_PRICE_AND_COST,AGGREGATE_ACREAGE_NOT_MODEL_OPTIMUM
Virginia,2024,corn,460.0,114.0,data/raw/usda_nass/crop_production_2024_summary.txt,"Corn Area Planted for All Purposes and Harvested for Grain, Yield, and Production","1,000 acres",bushels per acre,179.3,90594.0,3.97,434.66,878.31,1.0,319.64,0.6358059118795315,452.58000000000004,17.920000000000016,-425.7299999999999,0.3770491803278688,STATE_YIELD_WITH_NATIONAL_PRICE_AND_COST,AGGREGATE_ACREAGE_NOT_MODEL_OPTIMUM
Virginia,2024,soybeans,610.0,44.0,data/raw/usda_nass/crop_production_2024_summary.txt,"Soybeans for Beans Area Planted and Harvested, Yield, and Production - States and","1,000 acres",bushels per acre,50.7,87050.0,9.92,243.56,650.83,1.0,302.04,0.8678500986193294,436.48,192.92000000000002,-214.35000000000002,0.5,STATE_YIELD_WITH_NATIONAL_PRICE_AND_COST,AGGREGATE_ACREAGE_NOT_MODEL_OPTIMUM
Virginia,2024,winter_wheat,150.0,66.0,data/raw/usda_nass/crop_production_2024_summary.txt,"Winter Wheat Area Planted and Harvested, Yield, and Production - States and","1,000 acres",bushels per acre,51.7,33390.0,5.54,154.12,390.97,1.0,128.42,1.276595744680851,365.64,211.51999999999998,-25.33000000000004,0.12295081967213115,STATE_YIELD_WITH_NATIONAL_PRICE_AND_COST,AGGREGATE_ACREAGE_NOT_MODEL_OPTIMUM
Wisconsin,2022,corn,3900.0,180.0,data/raw/usda_nass/crop_production_2024_summary.txt,"Corn Area Planted for All Purposes and Harvested for Grain, Yield, and Production","1,000 acres",bushels per acre,173.4,88162.0,6.48,519.11,927.86,1.071873,693.812519,1.0380622837370241,1250.2326672000002,693.8126741700002,255.6845854200001,0.6132075471698113,STATE_YIELD_WITH_NATIONAL_PRICE_AND_COST,AGGREGATE_ACREAGE_NOT_MODEL_OPTIMUM
Wisconsin,2022,soybeans,2160.0,54.0,data/raw/usda_nass/crop_production_2024_summary.txt,"Soybeans for Beans Area Planted and Harvested, Yield, and Production - States and","1,000 acres",bushels per acre,49.6,87450.0,13.49,267.83,628.28,1.071873,464.817622,1.0887096774193548,780.8166055800001,493.7368599900001,107.38023714000008,0.33962264150943394,STATE_YIELD_WITH_NATIONAL_PRICE_AND_COST,AGGREGATE_ACREAGE_NOT_MODEL_OPTIMUM
Wisconsin,2022,winter_wheat,300.0,78.0,data/raw/usda_nass/crop_production_2024_summary.txt,"Winter Wheat Area Planted and Harvested, Yield, and Production - States and","1,000 acres",bushels per acre,47.0,33281.0,8.95,184.99,401.81,1.071873,185.444706,1.6595744680851063,748.2745413,549.9887550299999,317.58525116999994,0.04716981132075472,STATE_YIELD_WITH_NATIONAL_PRICE_AND_COST,AGGREGATE_ACREAGE_NOT_MODEL_OPTIMUM
Wisconsin,2023,corn,4000.0,176.0,data/raw/usda_nass/crop_production_2024_summary.txt,"Corn Area Planted for All Purposes and Harvested for Grain, Yield, and Production","1,000 acres",bushels per acre,177.3,94641.0,4.92,479.74,908.81,1.029495,448.221643,0.9926677946982515,891.4603104,397.57037909999997,-44.15504054999999,0.6259780907668232,STATE_YIELD_WITH_NATIONAL_PRICE_AND_COST,AGGREGATE_ACREAGE_NOT_MODEL_OPTIMUM
Wisconsin,2023,soybeans,2110.0,51.0,data/raw/usda_nass/crop_production_2024_summary.txt,"Soybeans for Beans Area Planted and Harvested, Yield, and Production - States and","1,000 acres",bushels per acre,50.6,83600.0,12.75,268.23,662.52,1.029495,432.66597,1.007905138339921,669.42912375,393.2876799,-12.631903649999982,0.3302034428794992,STATE_YIELD_WITH_NATIONAL_PRICE_AND_COST,AGGREGATE_ACREAGE_NOT_MODEL_OPTIMUM
Wisconsin,2023,winter_wheat,280.0,76.0,data/raw/usda_nass/crop_production_2024_summary.txt,"Winter Wheat Area Planted and Harvested, Yield, and Production - States and","1,000 acres",bushels per acre,50.6,36699.0,7.52,169.68,396.92,1.029495,142.729222,1.5019762845849802,588.3769824,413.6922708,179.74982699999998,0.04381846635367762,STATE_YIELD_WITH_NATIONAL_PRICE_AND_COST,AGGREGATE_ACREAGE_NOT_MODEL_OPTIMUM
Wisconsin,2024,corn,3750.0,174.0,data/raw/usda_nass/crop_production_2024_summary.txt,"Corn Area Planted for All Purposes and Harvested for Grain, Yield, and Production","1,000 acres",bushels per acre,179.3,90594.0,3.97,434.66,878.31,1.0,319.64,0.9704406023424428,690.7800000000001,256.12000000000006,-187.52999999999986,0.6082725060827251,STATE_YIELD_WITH_NATIONAL_PRICE_AND_COST,AGGREGATE_ACREAGE_NOT_MODEL_OPTIMUM
Wisconsin,2024,soybeans,2150.0,48.0,data/raw/usda_nass/crop_production_2024_summary.txt,"Soybeans for Beans Area Planted and Harvested, Yield, and Production - States and","1,000 acres",bushels per acre,50.7,87050.0,9.92,243.56,650.83,1.0,302.04,0.9467455621301775,476.15999999999997,232.59999999999997,-174.67000000000007,0.34874290348742903,STATE_YIELD_WITH_NATIONAL_PRICE_AND_COST,AGGREGATE_ACREAGE_NOT_MODEL_OPTIMUM
Wisconsin,2024,winter_wheat,265.0,82.0,data/raw/usda_nass/crop_production_2024_summary.txt,"Winter Wheat Area Planted and Harvested, Yield, and Production - States and","1,000 acres",bushels per acre,51.7,33390.0,5.54,154.12,390.97,1.0,128.42,1.5860735009671179,454.28000000000003,300.16,63.31,0.042984590429845905,STATE_YIELD_WITH_NATIONAL_PRICE_AND_COST,AGGREGATE_ACREAGE_NOT_MODEL_OPTIMUM
